,YEAR,MONTH,DISTRICT,landslide_size,fatality_count,injury_count,latitude,longitude,PRECTOT,PS,QV2M,RH2M,T2M,T2MWET,T2M_MAX,T2M_MIN,T2M_RANGE,TS,WS10M,WS10M_MAX,WS10M_MIN,WS10M_RANGE,WS50M,WS50M_MAX,WS50M_MIN,WS50M_RANGE,output
0,2013,7,Syangja,medium,1.0,0.0,27.9142,83.7876,413.84,85.41,17.31,88.3,22.02,19.7,25.15,19.24,5.9,22.44,2.11,4.06,0.46,3.61,2.36,3.84,0.74,3.1,1
1,2017,6,Kaski,medium,0.0,1.0,28.28120123,83.86441477000002,220.45,77.91,12.83,74.56,18.58,13.26,22.78,14.7,8.08,19.22,2.25,4.49,0.41,4.08,2.21,3.79,0.55,3.25,1
2,2004,6,Salyan,no,0.0,0.0,28.4,82.1,214.13,88.5,13.91,59.08,26.01,16.8,31.0,21.43,9.57,26.71,3.05,5.41,1.06,4.36,3.95,5.92,1.67,4.25,0
3,2015,8,Kathmandu,medium,1.0,0.0,28.0297,85.0934,388.41,83.61,16.86,90.95,20.86,18.92,23.92,18.36,5.57,21.23,2.25,4.48,0.58,3.9,2.49,4.31,0.88,3.43,1
4,2017,3,Baglung,large,1.0,0.0,28.308296999999996,83.17439300000002,66.43,79.29,4.78,47.96,10.37,-0.91,17.07,4.87,12.19,9.36,2.37,4.95,0.47,4.48,2.41,4.48,0.52,3.96,1
5,2010,7,Kaski,medium,3.0,0.0,28.22020061,84.17758452,221.56,78.01,14.73,85.42,18.61,15.57,22.24,15.52,6.72,19.86,2.63,5.05,0.53,4.51,2.55,4.26,0.77,3.49,1
6,2015,7,Saptari,no,0.0,0.0,26.6,86.8,217.96,94.28,19.57,81.37,27.2,23.62,30.37,24.4,5.97,27.46,2.56,4.42,0.92,3.49,3.49,5.3,1.62,3.68,0
7,1992,8,Dolkha,no,0.0,0.0,27.6,86.2,111.52,70.58,11.67,84.78,13.52,10.4,17.89,9.97,7.92,14.99,2.43,5.05,0.44,4.62,2.19,4.09,0.57,3.52,0
8,2010,7,Dhading,medium,5.0,0.0,28.05,84.95,218.94,83.63,16.11,82.79,21.7,18.24,25.44,18.52,6.92,22.83,2.47,4.94,0.63,4.31,2.67,4.64,0.97,3.67,1
9,2017,4,Banke,no,0.0,0.0,28.1,81.7,29.1,92.48,6.45,25.42,27.76,5.77,35.34,20.61,14.73,27.66,2.9,4.76,1.28,3.48,3.84,5.58,1.82,3.76,0
10,2012,10,Ilam,large,11.0,0.0,26.8016,88.0499,42.31,93.0,12.06,70.6,21.06,15.0,26.38,17.3,9.08,19.77,2.06,3.18,1.01,2.17,2.96,4.03,1.41,2.62,1
11,2013,6,Baglung,medium,0.0,0.0,28.2265,82.553,466.75,78.94,13.94,82.91,18.38,14.94,22.18,15.07,7.11,19.26,2.19,4.45,0.4,4.06,2.13,3.77,0.58,3.19,1
12,1986,11,Jumla,no,0.0,0.0,29.3,82.2,0.38,75.35,3.28,40.46,6.79,-5.98,14.14,1.64,12.5,4.34,1.96,4.04,0.42,3.61,2.04,3.62,0.52,3.1,0
13,1981,8,Mugu,no,0.0,0.0,29.5,82.1,116.13,61.57,9.8,85.92,8.64,6.1,13.55,4.8,8.75,10.06,2.55,5.51,0.5,5.01,2.62,5.13,0.66,4.48,0
14,2010,9,Baitadi,medium,0.0,0.0,29.476999999999997,80.3491,270.26,73.89,11.42,86.32,13.51,10.58,17.48,10.22,7.26,13.7,1.86,3.88,0.4,3.48,1.82,3.25,0.53,2.73,1
15,1987,10,Chitawan,no,0.0,0.0,27.7,84.4,104.42,92.55,12.43,75.16,20.61,15.57,25.05,17.03,8.02,19.64,1.61,2.91,0.5,2.42,1.93,3.06,0.65,2.41,0
16,2016,9,Sindhuli,medium,0.0,0.0,27.357968,85.975127,318.49,90.63,17.72,88.83,23.36,21.21,26.1,21.2,4.89,23.23,1.74,3.29,0.49,2.8,2.28,3.54,0.84,2.7,1
17,1993,9,Bajang,no,0.0,0.0,29.6,81.2,31.16,68.01,9.0,76.89,10.48,5.93,16.28,6.14,10.14,12.11,2.42,5.62,0.45,5.17,2.28,4.78,0.54,4.24,0
18,2017,6,Taplejung,medium,0.0,0.0,27.33861278,87.67107225000002,148.33,79.7,14.12,78.67,19.61,15.08,23.88,15.95,7.92,20.72,2.63,5.0,0.6,4.4,2.72,4.57,0.8,3.77,1
19,2010,8,Dang,medium,0.0,0.0,28.3884,82.2826,321.6,86.26,17.17,87.16,22.34,19.9,25.6,19.66,5.94,22.67,2.16,4.15,0.66,3.49,2.7,4.3,1.12,3.2,1
20,2016,1,Kaski,no,0.0,0.0,28.2,83.9,3.9,78.32,3.41,50.11,4.71,-5.38,10.69,1.05,9.65,2.06,1.76,4.18,0.37,3.81,1.73,3.48,0.43,3.05,0
21,1985,2,Saptari,no,0.0,0.0,26.6,86.8,4.47,94.94,2.76,21.45,17.31,-5.0,25.69,11.13,14.56,15.79,2.56,4.79,0.94,3.85,3.22,5.12,1.08,4.04,0
22,2009,3,Parbat,no,0.0,0.0,28.2,83.7,9.72,79.38,3.81,34.43,12.0,-3.86,19.44,5.86,13.58,11.24,2.49,5.25,0.49,4.76,2.51,4.57,0.59,3.98,0
23,2013,7,Nawalparasi,medium,0.0,0.0,27.7115,83.9072,354.95,91.75,19.1,85.3,25.49,22.71,28.66,22.61,6.06,25.76,1.92,3.54,0.47,3.07,2.41,3.7,0.82,2.88,1
24,2010,8,Nawalparasi,medium,0.0,0.0,27.59,83.88,382.13,92.13,19.02,86.36,25.3,22.7,28.4,22.64,5.76,25.49,2.16,3.7,0.83,2.88,2.95,4.29,1.48,2.8,1
25,2013,9,Baglung,medium,0.0,4.0,28.4505,83.34200000000001,178.64,79.24,13.81,89.76,17.02,14.72,20.5,14.06,6.44,17.2,1.91,3.87,0.38,3.49,1.96,3.3,0.52,2.78,1
26,2015,7,Parbat,small,0.0,0.0,28.2658,83.6117,510.56,78.92,15.46,88.95,18.89,16.57,22.27,15.91,6.36,19.39,2.39,4.65,0.43,4.23,2.5,4.23,0.65,3.59,1
27,2016,6,Taplejung,medium,2.0,2.0,27.6276,87.7924,246.59,79.8,14.65,84.68,19.04,15.78,22.64,15.98,6.66,19.82,2.59,4.99,0.58,4.41,2.74,4.64,0.86,3.79,1
28,2010,2,Salyan,no,0.0,0.0,28.4,82.1,23.01,89.4,4.64,42.36,13.64,0.63,21.03,8.46,12.57,11.96,2.54,4.53,1.05,3.48,3.2,4.93,1.34,3.59,0
29,1981,9,Banke,no,0.0,0.0,28.1,81.7,181.02,92.52,16.89,81.82,24.29,20.83,27.96,21.08,6.88,24.06,1.96,3.2,0.75,2.46,2.74,4.0,1.17,2.83,0
30,2013,7,Palpa,medium,1.0,1.0,27.8686,83.6606,401.57,91.95,19.21,85.76,25.54,22.86,28.62,22.74,5.87,25.77,1.98,3.57,0.53,3.04,2.54,3.83,0.93,2.9,1
31,2005,10,Nuwakot,no,0.0,0.0,27.85,85.25,146.26,84.22,10.43,75.96,16.19,10.73,20.76,12.76,8.0,15.12,1.56,3.11,0.38,2.73,1.63,2.67,0.47,2.19,0
32,2011,7,Kaski,medium,2.0,0.0,28.2636,83.9724,345.46,77.86,15.08,92.23,17.7,15.88,20.71,15.13,5.57,18.33,2.3,4.57,0.54,4.04,2.28,3.9,0.75,3.15,1
33,2009,7,Palpa,no,0.0,0.0,27.9,83.5,344.72,91.91,18.94,76.96,27.19,22.63,30.97,23.7,7.28,27.79,2.44,3.98,0.88,3.11,3.29,4.56,1.53,3.04,0
34,2016,9,Dhankuta,small,1.0,2.0,26.985606,87.322163,287.7,81.87,15.15,92.99,18.42,16.73,21.12,16.18,4.94,18.59,1.99,3.85,0.61,3.25,2.22,3.59,0.89,2.69,1
35,1985,10,Jhapa,no,0.0,0.0,26.7,87.9,102.82,93.23,13.93,81.32,21.28,17.78,25.19,18.38,6.8,20.75,1.87,3.16,0.68,2.48,2.5,3.69,1.03,2.66,0
36,2013,6,Baitadi,medium,5.0,0.0,29.5193,80.4687,280.41,73.56,12.78,81.91,16.11,12.5,20.23,12.61,7.62,17.48,2.8,5.48,0.65,4.83,2.82,4.96,0.93,4.03,1
37,1984,8,Tanahun,no,0.0,0.0,28.0,84.1,197.44,77.32,14.06,87.34,17.37,14.56,20.88,14.43,6.45,17.93,2.09,4.34,0.29,4.05,2.01,3.55,0.45,3.11,0
38,2003,2,Kanchanpur,no,0.0,0.0,29.0,80.2,25.0,89.21,4.85,47.77,12.68,1.09,20.23,7.0,13.23,11.37,2.39,4.36,0.75,3.6,3.07,4.88,1.03,3.85,0
39,2016,7,Gorkha,medium,3.0,3.0,28.298000000000002,84.9671,414.61,73.61,14.14,94.46,15.43,13.87,18.37,12.89,5.48,16.02,2.41,4.9,0.4,4.5,2.24,4.09,0.52,3.57,1
40,1991,4,Taplejung,no,0.0,0.0,27.4,87.7,2.96,79.99,4.01,28.24,15.84,-3.49,23.66,8.63,15.03,16.23,2.76,5.99,0.37,5.62,2.81,5.45,0.48,4.98,0
41,2016,6,Darchula,medium,1.0,0.0,29.7535,80.4934,71.34,73.76,11.92,72.01,17.04,11.48,21.95,12.94,9.02,18.93,2.81,5.56,0.71,4.85,2.7,4.8,0.95,3.85,1
42,2013,7,Dang,medium,0.0,0.0,28.0583,82.402,480.14,85.92,17.72,89.01,22.44,20.34,25.58,19.72,5.87,22.84,2.38,4.47,0.77,3.7,2.88,4.56,1.28,3.28,1
43,2013,9,Baglung,medium,0.0,0.0,28.3922,83.1913,178.64,79.24,13.81,89.76,17.02,14.72,20.5,14.06,6.44,17.2,1.91,3.87,0.38,3.49,1.96,3.3,0.52,2.78,1
44,2003,4,Rasuwa,no,0.0,0.0,28.1,85.3,4.49,68.83,3.8,40.0,7.64,-5.57,14.96,1.63,13.33,9.33,2.75,6.44,0.3,6.15,2.48,5.31,0.36,4.95,0
45,2010,8,Myagdi,medium,0.0,0.0,28.2653,83.6032,355.62,79.19,15.12,90.55,18.31,16.29,21.52,15.75,5.77,18.89,2.17,4.4,0.49,3.91,2.26,3.87,0.74,3.13,1
46,1993,1,Tanahun,no,0.0,0.0,28.0,84.1,5.86,77.65,2.83,43.1,4.28,-7.97,10.96,0.3,10.66,2.26,1.81,4.61,0.37,4.25,1.75,3.81,0.42,3.39,0
47,2013,6,Taplejung,large,9.0,0.0,27.4513,87.6093,228.11,79.66,14.21,81.53,19.1,15.26,23.27,15.61,7.66,20.02,2.13,4.44,0.32,4.13,2.08,3.87,0.47,3.4,1
48,2005,5,Parbat,no,0.0,0.0,28.2,83.7,21.87,79.15,6.3,40.85,17.74,3.04,24.16,11.59,12.57,18.85,2.62,5.38,0.34,5.04,2.57,4.7,0.49,4.21,0
49,1997,2,Tanahun,no,0.0,0.0,28.0,84.1,0.01,77.46,2.08,30.79,4.68,-10.95,12.02,-0.6,12.62,3.8,2.24,5.38,0.28,5.1,2.12,4.44,0.34,4.09,0
50,1989,8,Doti,no,0.0,0.0,29.3,80.95,80.43,83.18,14.87,76.66,21.55,16.99,26.17,17.94,8.24,22.54,2.02,4.19,0.36,3.82,2.2,4.0,0.56,3.44,0
51,2007,8,Dolkha,no,0.0,0.0,27.6,86.2,160.46,70.51,12.71,91.17,13.67,11.63,17.49,10.56,6.94,14.78,2.38,4.95,0.47,4.48,2.23,4.04,0.57,3.46,0
52,1991,2,Kaski,no,0.0,0.0,28.2,83.9,0.85,78.36,2.83,33.97,7.72,-7.51,14.89,2.64,12.25,6.6,2.31,4.98,0.42,4.56,2.29,4.3,0.59,3.72,0
53,2009,12,Baitadi,no,0.0,0.0,29.5,80.5,1.62,73.95,2.84,44.55,2.82,-8.47,9.41,-1.65,11.06,-0.01,1.76,3.85,0.41,3.44,1.76,3.32,0.48,2.84,0
54,2008,9,Nuwakot,medium,2.0,0.0,27.7167,85.15,203.99,83.83,14.43,87.25,19.07,16.28,22.46,16.38,6.08,19.03,1.59,3.22,0.41,2.82,1.71,2.84,0.57,2.27,1
55,2010,7,Baglung,medium,3.0,0.0,28.4197,83.1421,254.27,79.1,15.06,85.05,19.26,16.22,22.89,16.18,6.71,20.47,2.53,4.91,0.56,4.34,2.56,4.29,0.84,3.46,1
56,2016,6,Rasuwa,small,0.0,0.0,27.75800000000001,85.4197,228.61,68.71,11.2,84.56,12.48,9.17,16.77,8.79,7.98,14.21,2.65,5.34,0.44,4.89,2.35,4.26,0.53,3.73,1
57,1993,3,Tanahun,no,0.0,0.0,28.0,84.1,31.68,77.66,3.12,35.6,8.39,-6.73,15.77,2.63,13.14,8.06,2.58,5.74,0.35,5.39,2.51,5.0,0.51,4.49,0
58,1988,7,Manang,no,0.0,0.0,28.6,84.2,232.26,61.57,9.87,85.38,8.83,6.03,13.67,5.03,8.64,10.57,2.51,5.0,0.56,4.44,2.28,4.15,0.65,3.5,0
59,2010,9,Gulmi,medium,0.0,0.0,28.058000000000003,83.3588,331.59,80.08,13.92,90.28,17.22,15.08,20.51,14.58,5.93,17.38,2.05,4.08,0.68,3.4,2.34,3.82,1.05,2.77,1
60,2015,6,Taplejung,large,53.0,8.0,27.36,87.6681,210.46,79.71,14.21,80.84,19.26,15.19,23.34,15.65,7.7,20.17,2.46,4.85,0.47,4.38,2.55,4.49,0.67,3.82,1
61,2009,8,Sankhuwasabha,medium,0.0,0.0,27.6072,86.9985,247.68,81.76,15.77,88.9,19.78,17.4,23.23,17.06,6.17,20.62,2.35,4.7,0.61,4.09,2.46,4.16,0.92,3.25,1
62,2013,7,Syangja,large,1.0,0.0,27.9687,83.9066,413.84,85.41,17.31,88.3,22.02,19.7,25.15,19.24,5.9,22.44,2.11,4.06,0.46,3.61,2.36,3.84,0.74,3.1,1
63,2016,1,Salyan,no,0.0,0.0,28.4,82.1,7.9,89.53,3.67,38.3,11.7,-2.26,18.93,7.22,11.71,9.16,2.4,4.62,0.91,3.71,3.0,4.78,1.27,3.51,0
64,2014,7,Dhading,small,0.0,0.0,27.8126,84.8051,308.64,83.44,17.04,88.16,21.5,19.05,24.52,18.89,5.63,21.93,1.98,3.99,0.39,3.59,2.11,3.65,0.61,3.04,1
65,2007,12,Salyan,no,0.0,0.0,28.4,82.1,0.79,89.46,4.43,44.98,12.05,-0.02,19.01,7.87,11.13,8.83,2.08,3.55,0.96,2.6,2.66,3.95,1.26,2.7,0
66,2007,7,Baglung,medium,7.0,0.0,28.1952,83.6099,434.97,78.88,15.03,86.02,19.02,16.17,22.66,16.06,6.6,20.14,2.44,4.85,0.47,4.37,2.43,4.2,0.67,3.54,1
67,2011,7,Palpa,medium,0.0,0.0,27.8173,83.4644,427.82,92.04,19.39,87.69,25.34,23.02,28.17,22.82,5.35,25.51,2.37,4.02,1.0,3.02,3.25,4.66,1.8,2.87,1
68,2016,8,Dhading,medium,0.0,0.0,27.805,84.9005,114.62,83.57,16.69,88.2,21.18,18.69,24.23,18.63,5.6,21.3,1.92,4.02,0.36,3.66,2.07,3.75,0.56,3.19,1
69,2012,7,Kaski,no,0.0,0.0,28.2,83.9,331.84,77.76,15.02,87.97,18.41,15.81,21.9,15.52,6.39,19.31,2.52,4.96,0.56,4.4,2.42,4.17,0.74,3.42,0
70,2016,6,Rasuwa,medium,0.0,0.0,28.2465,85.3644,228.61,68.71,11.2,84.56,12.48,9.17,16.77,8.79,7.98,14.21,2.65,5.34,0.44,4.89,2.35,4.26,0.53,3.73,1
71,2011,9,Rukum,medium,7.0,0.0,28.7773,82.4728,169.43,74.69,12.32,87.05,14.72,12.13,18.78,11.43,7.36,14.98,1.92,4.03,0.38,3.65,1.95,3.5,0.48,3.02,1
72,2010,8,Gulmi,medium,0.0,0.0,28.1171,83.2497,364.2,79.96,15.33,89.89,18.8,16.74,22.13,16.09,6.04,19.4,2.23,4.47,0.63,3.84,2.51,4.19,0.96,3.23,1
73,2013,5,Dhanusa,no,0.0,0.0,26.7,85.9,108.14,97.36,9.61,33.8,30.97,12.32,37.93,24.19,13.74,32.28,2.46,4.1,0.94,3.15,3.45,5.52,1.22,4.3,0
74,2001,3,Gulmi,no,0.0,0.0,28.1,83.2,8.5,80.14,2.86,25.37,12.13,-7.15,20.22,5.8,14.43,11.6,2.79,5.73,0.83,4.9,3.05,5.4,0.98,4.42,0
75,2013,6,Myagdi,medium,0.0,0.0,28.3952,83.5043,466.75,78.94,13.94,82.91,18.38,14.94,22.18,15.07,7.11,19.26,2.19,4.45,0.4,4.06,2.13,3.77,0.58,3.19,1
76,2018,9,Lamjung,large,2.0,0.0,28.45603884,84.23280357,2.68,77.68,13.82,91.18,16.46,14.19,19.93,13.63,6.3,16.6,2.21,4.39,0.45,3.94,2.18,3.69,0.6,3.09,1
77,2011,8,Baitadi,medium,2.0,0.0,29.2027,80.5307,234.04,73.71,13.18,88.97,15.3,13.03,18.75,12.36,6.4,15.92,2.08,4.3,0.45,3.85,2.07,3.67,0.63,3.04,1
78,2009,1,Nawalparasi,no,0.0,0.0,27.6,84.0,0.05,93.03,5.29,46.96,14.76,3.22,21.48,10.57,10.92,12.42,1.75,3.46,0.61,2.86,2.16,3.74,0.72,3.02,0
79,2009,9,Baglung,medium,2.0,0.0,28.28,83.55,85.83,79.3,13.62,88.08,17.13,14.49,20.69,14.24,6.45,17.26,1.82,3.83,0.31,3.51,1.85,3.21,0.42,2.79,1
80,2017,7,Syangja,medium,0.0,0.0,27.972658199999998,83.76126893,413.88,85.52,17.46,87.91,22.24,19.8,25.34,19.52,5.81,22.5,2.39,4.36,0.7,3.66,2.98,4.72,1.22,3.5,1
81,1993,11,Surkhet,no,0.0,0.0,28.75,81.4,0.01,88.77,3.6,27.0,16.5,-2.72,24.59,10.78,13.8,14.34,2.22,4.16,0.52,3.62,2.61,4.08,0.64,3.44,0
82,2011,7,Kathmandu,medium,1.0,0.0,28.0889,85.6352,287.52,83.47,16.6,90.18,20.72,18.66,23.8,18.15,5.66,21.29,2.15,4.18,0.54,3.64,2.37,3.94,0.83,3.11,1
83,2017,5,Tanahun,no,0.0,0.0,28.0,84.1,182.38,77.61,9.88,67.31,15.93,9.16,20.67,11.41,9.26,16.21,2.13,4.39,0.4,3.99,2.08,3.76,0.53,3.23,0
84,2001,3,Sarlahi,no,0.0,0.0,27.0,85.45,2.25,94.98,2.97,15.51,23.24,-4.62,31.96,16.16,15.8,22.98,2.98,5.08,1.16,3.93,4.06,5.94,1.58,4.36,0
85,2013,6,Baitadi,medium,0.0,0.0,29.721999999999998,80.5118,280.41,73.56,12.78,81.91,16.11,12.5,20.23,12.61,7.62,17.48,2.8,5.48,0.65,4.83,2.82,4.96,0.93,4.03,1
86,2011,9,Sankhuwasabha,medium,5.0,0.0,27.4082091,87.29003611,179.85,81.8,14.67,89.65,18.5,16.18,21.99,15.76,6.23,18.86,1.96,4.08,0.49,3.59,2.11,3.64,0.75,2.89,1
87,2007,8,Baglung,medium,5.0,0.0,28.3323,83.7438,308.21,79.02,15.04,90.63,18.17,16.17,21.26,15.47,5.8,18.63,2.12,4.27,0.44,3.83,2.16,3.66,0.59,3.06,1
88,2010,8,Syangja,medium,1.0,0.0,28.0401,83.8901,375.7,85.76,17.1,88.51,21.84,19.55,25.0,19.24,5.76,22.22,2.2,4.07,0.7,3.36,2.69,4.18,1.19,2.98,1
89,2008,1,Mustang,no,0.0,0.0,28.7,83.67,3.49,62.81,2.05,58.66,-7.39,-14.34,-1.35,-11.65,10.3,-8.62,2.93,6.17,1.18,5.0,3.23,5.97,1.62,4.35,0
90,2012,5,Dolpa,no,0.0,0.0,29.0,82.9,11.59,62.08,4.44,55.15,3.75,-4.65,10.61,-2.82,13.42,5.58,2.7,6.06,0.36,5.71,2.61,5.45,0.4,5.05,0
91,1982,7,Jumla,no,0.0,0.0,29.3,82.2,97.36,74.79,11.66,66.04,18.46,11.26,24.1,13.69,10.42,20.25,2.64,5.44,0.46,5.0,2.6,4.87,0.61,4.26,0
92,2010,9,Palpa,medium,0.0,0.0,27.9333,83.65299999999998,336.55,92.51,17.78,88.3,23.85,21.65,26.96,21.37,5.58,23.83,2.08,3.43,0.98,2.46,2.95,4.08,1.75,2.33,1
93,2014,6,Gulmi,medium,7.0,0.0,28.0816,83.2934,317.07,79.64,11.67,58.88,21.32,12.1,26.87,16.2,10.67,22.09,2.77,5.54,0.71,4.82,3.03,5.24,1.0,4.24,1
94,1995,4,Nuwakot,no,0.0,0.0,27.85,85.25,1.91,83.9,3.35,18.57,20.0,-4.61,27.78,12.83,14.96,20.44,3.04,6.09,0.72,5.37,3.31,5.83,0.93,4.89,0
95,2007,4,Dolkha,no,0.0,0.0,27.6,86.2,28.74,70.75,5.66,54.19,9.36,-0.53,15.9,4.09,11.81,10.4,2.58,5.76,0.49,5.28,2.42,4.69,0.63,4.06,0
96,2007,9,Kaski,large,6.0,0.0,28.2333,83.9533,203.18,78.07,13.47,90.43,16.23,14.03,19.46,13.57,5.89,16.46,1.9,3.89,0.35,3.54,1.92,3.22,0.51,2.71,1
97,1990,2,Syangja,no,0.0,0.0,28.0,83.85,26.48,86.2,4.3,44.86,11.42,-1.54,18.05,6.76,11.28,10.78,2.26,4.53,0.65,3.88,2.64,4.61,0.8,3.8,0
98,2010,5,Syangja,medium,3.0,0.0,28.11,83.68,34.67,85.67,8.7,39.56,24.58,8.52,31.21,18.1,13.12,25.91,2.8,5.48,0.7,4.78,3.18,5.41,0.98,4.43,1
99,1992,8,Kanchanpur,no,0.0,0.0,29.0,80.2,160.61,88.41,16.95,77.37,24.56,20.2,28.96,21.15,7.82,25.26,2.17,4.09,0.65,3.44,2.75,4.37,1.12,3.25,0
100,2007,7,Gulmi,medium,0.0,0.0,28.0764,83.2519,499.71,79.64,15.15,84.52,19.6,16.55,23.42,16.45,6.97,20.71,2.54,5.0,0.59,4.41,2.73,4.62,0.89,3.73,1
101,2007,9,Sindhuli,large,3.0,0.0,27.2667,85.9667,208.85,90.56,16.86,86.26,23.0,20.37,26.16,20.45,5.71,22.95,1.92,3.4,0.75,2.65,2.63,3.82,1.25,2.56,1
102,2016,7,Lamjung,large,0.0,0.0,28.1321,84.4723,536.93,77.34,15.33,94.82,17.4,15.96,20.02,15.11,4.91,17.67,2.33,4.57,0.54,4.02,2.33,4.03,0.73,3.3,1
103,2007,8,Bhaktapur,no,0.0,0.0,27.7,85.5,206.24,77.74,14.68,90.79,17.5,15.42,20.95,14.65,6.3,18.24,2.08,4.49,0.31,4.18,2.0,3.79,0.41,3.38,0
104,1987,6,Taplejung,no,0.0,0.0,27.4,87.7,107.46,79.65,12.73,68.96,20.11,13.46,25.44,15.4,10.04,21.89,2.56,5.24,0.41,4.83,2.45,4.53,0.6,3.93,0
105,2016,7,Myagdi,medium,0.0,0.0,28.6019,83.3378,619.3,78.97,15.72,93.24,18.4,16.84,21.04,16.16,4.88,18.7,2.27,4.38,0.55,3.83,2.41,4.11,0.83,3.28,1
106,1987,9,Doti,no,0.0,0.0,29.3,80.95,30.3,83.42,12.02,63.72,21.05,13.16,27.07,16.32,10.74,21.27,2.08,4.44,0.36,4.08,2.26,4.22,0.46,3.76,0
107,2015,7,Dhading,no,0.0,0.0,27.7,85.2,298.18,83.44,16.41,85.7,21.36,18.45,24.85,18.41,6.44,21.91,2.28,4.47,0.37,4.1,2.51,4.22,0.61,3.61,0
108,1983,1,Udayapur,no,0.0,0.0,26.9,86.5,0.15,95.7,3.35,31.58,14.37,-2.52,21.93,9.31,12.62,12.52,2.28,4.03,0.85,3.18,2.89,4.28,1.05,3.22,0
109,2003,5,Kathmandu,no,0.0,0.0,27.73,85.37,9.14,83.69,6.45,33.26,21.91,3.84,28.66,15.22,13.44,23.46,2.72,5.38,0.55,4.83,2.85,4.83,0.77,4.06,0
110,2015,7,Lamjung,medium,0.0,0.0,28.2631,84.2461,493.17,77.29,14.96,90.18,17.81,15.55,21.12,14.83,6.29,18.28,2.33,4.6,0.31,4.29,2.3,4.01,0.41,3.59,1
111,2002,7,Morang,no,0.0,0.0,26.5,87.3,241.8,93.18,18.62,77.19,27.1,22.58,30.97,23.98,6.99,27.86,2.21,3.77,0.93,2.84,2.89,4.18,1.49,2.69,0
112,2008,6,Dhading,medium,4.0,0.0,28.18,85.11,311.86,83.44,15.27,81.48,21.05,17.27,24.73,17.9,6.83,22.03,2.15,4.25,0.53,3.73,2.3,3.83,0.8,3.03,1
113,1998,10,Solukhumbu,no,0.0,0.0,28.0,86.8,10.76,56.45,4.22,61.41,-0.13,-6.88,7.23,-5.06,12.29,0.17,2.74,6.1,0.84,5.25,3.1,6.16,1.15,5.01,0
114,2011,7,Palpa,medium,2.0,0.0,27.8173,83.4643,427.82,92.04,19.39,87.69,25.34,23.02,28.17,22.82,5.35,25.51,2.37,4.02,1.0,3.02,3.25,4.66,1.8,2.87,1
115,2010,9,Bhaktapur,no,0.0,0.0,27.7,85.5,207.89,78.0,13.16,90.52,15.87,13.58,19.37,13.14,6.23,16.16,1.84,4.1,0.32,3.78,1.82,3.49,0.45,3.04,0
116,2016,7,Gulmi,medium,1.0,0.0,28.1347,83.2369,624.58,79.74,15.95,92.21,18.97,17.32,21.76,16.6,5.16,19.41,2.44,4.59,0.71,3.88,2.77,4.56,1.11,3.45,1
117,2015,6,Taplejung,large,15.0,0.0,27.5905,87.7955,210.46,79.71,14.21,80.84,19.26,15.19,23.34,15.65,7.7,20.17,2.46,4.85,0.47,4.38,2.55,4.49,0.67,3.82,1
118,2003,11,Baitadi,no,0.0,0.0,29.5,80.5,0.81,74.11,3.4,41.89,6.21,-6.73,13.09,1.64,11.45,3.73,1.86,4.08,0.35,3.73,1.84,3.49,0.41,3.09,0
119,2004,8,Terhathum,no,0.0,0.0,27.1,87.5,176.56,79.73,15.21,89.8,18.65,16.36,22.21,15.71,6.5,19.25,2.28,4.48,0.63,3.85,2.42,4.02,0.99,3.03,0
120,2012,6,Myagdi,no,0.0,0.0,28.4,83.6,90.14,78.77,10.03,49.74,21.5,9.57,27.46,15.85,11.6,22.76,2.69,5.59,0.42,5.17,2.65,4.9,0.48,4.42,0
121,2009,7,Syangja,medium,5.0,0.0,28.1046,83.8791,316.29,85.4,17.17,81.07,23.36,19.58,27.16,19.97,7.19,24.22,2.44,4.32,0.68,3.64,2.86,4.29,1.13,3.17,1
122,2017,10,Lalitpur,no,0.0,0.0,27.63,85.33,48.25,84.05,12.35,80.46,17.7,13.6,21.81,14.62,7.19,17.11,1.67,3.45,0.35,3.1,1.81,3.05,0.49,2.56,0
123,2008,10,Dolkha,no,0.0,0.0,27.6,86.2,20.29,70.87,7.35,76.79,7.94,2.31,13.01,4.29,8.72,7.15,1.83,4.39,0.26,4.12,1.68,3.53,0.3,3.23,0
124,2015,4,Myagdi,no,0.0,0.0,28.4,83.6,85.54,79.38,7.8,62.84,13.82,6.16,19.19,9.05,10.14,13.67,2.16,4.39,0.36,4.03,2.26,3.99,0.52,3.48,0
125,2010,9,Banke,medium,1.0,0.0,28.1981,81.8494,347.74,92.5,17.52,86.29,23.99,21.43,27.24,21.34,5.89,23.85,2.01,3.52,0.87,2.65,2.86,4.2,1.48,2.72,1
126,2008,10,Dhading,no,0.0,0.0,27.7,85.2,25.61,84.17,11.49,82.28,16.38,12.39,20.68,13.22,7.46,15.63,1.57,3.3,0.35,2.94,1.61,2.83,0.47,2.36,0
127,2013,8,Myagdi,medium,0.0,0.0,28.3742,83.5214,357.53,79.06,14.81,91.08,17.87,15.92,20.97,15.2,5.77,18.25,2.16,4.38,0.37,4.0,2.17,3.81,0.51,3.3,1
128,2016,8,Mugu,large,0.0,0.0,29.48,82.2896,115.86,61.71,9.73,83.63,8.97,6.07,13.87,5.04,8.84,10.67,2.88,5.72,0.57,5.15,2.94,5.28,0.73,4.55,1
129,2014,12,Manang,no,0.0,0.0,28.6,84.2,23.36,61.5,1.94,51.74,-6.49,-15.25,0.53,-11.44,11.97,-10.9,2.4,5.16,0.9,4.26,2.8,5.2,1.18,4.02,0
130,1994,2,Doti,no,0.0,0.0,29.3,80.95,25.74,83.6,3.44,40.35,9.12,-4.26,17.08,2.79,14.29,7.81,2.34,4.78,0.44,4.33,2.66,4.78,0.57,4.2,0
131,2015,8,Dailekh,medium,3.0,1.0,28.8425,81.7097,259.78,84.44,16.99,87.49,21.78,19.44,25.22,19.04,6.18,22.14,2.24,4.56,0.58,3.98,2.62,4.57,0.88,3.69,1
132,2011,8,Rukum,medium,0.0,0.0,28.6572,82.2345,393.42,74.63,13.7,89.9,15.88,13.92,19.27,13.06,6.22,16.38,2.02,4.18,0.41,3.77,2.1,3.7,0.56,3.14,1
133,2014,8,Surkhet,large,0.0,0.0,28.61209203,81.64645269,267.53,87.88,17.82,83.42,23.99,20.84,27.33,21.17,6.15,23.96,2.15,4.42,0.5,3.92,2.6,4.7,0.77,3.94,1
134,1992,4,Sankhuwasabha,no,0.0,0.0,27.3,87.3,10.07,81.92,3.94,24.35,18.56,-3.23,26.46,11.5,14.96,19.01,3.11,6.63,0.69,5.94,3.29,6.2,0.91,5.28,0
135,2007,8,Surkhet,medium,0.0,0.0,28.601,81.601,308.38,87.86,17.9,86.8,23.38,20.92,26.62,20.72,5.9,23.57,1.82,3.56,0.44,3.11,2.24,3.78,0.71,3.08,1
136,2010,2,Kanchanpur,no,0.0,0.0,29.0,80.2,30.81,89.18,4.77,44.27,13.41,0.79,21.26,7.39,13.86,11.8,2.4,4.34,0.91,3.43,3.08,4.86,1.24,3.62,0
137,1997,12,Dadeldhura,no,0.0,0.0,29.3,80.6,60.71,86.02,3.97,48.24,8.92,-2.42,16.05,4.29,11.76,6.48,1.76,3.17,0.43,2.74,2.08,3.33,0.56,2.77,0
138,2017,6,Taplejung,medium,0.0,0.0,27.33861278,87.67107225000002,148.33,79.7,14.12,78.67,19.61,15.08,23.88,15.95,7.92,20.72,2.63,5.0,0.6,4.4,2.72,4.57,0.8,3.77,1
139,2016,8,Taplejung,small,0.0,0.0,27.4503,87.74,152.16,79.77,15.7,90.32,19.07,16.84,22.24,16.43,5.81,19.35,2.21,4.45,0.41,4.03,2.37,4.17,0.58,3.6,1
140,1983,1,Nuwakot,no,0.0,0.0,27.85,85.25,0.23,84.25,2.75,36.34,7.48,-6.88,14.42,3.11,11.31,5.12,1.92,4.44,0.46,3.98,2.02,3.89,0.58,3.31,0
141,1988,5,Lamjung,no,0.0,0.0,28.3,84.4,51.47,77.43,6.89,42.73,17.63,3.45,24.21,11.48,12.73,18.86,2.68,5.55,0.31,5.24,2.45,4.42,0.44,3.98,0
142,2014,6,Dadeldhura,small,0.0,0.0,29.2983,80.7651,60.65,84.96,11.1,42.25,27.31,12.16,33.56,21.19,12.37,27.93,2.59,5.11,0.51,4.6,3.12,5.44,0.71,4.73,1
143,2016,9,Myagdi,medium,0.0,0.0,28.377188,83.498645,330.11,79.22,14.63,92.48,17.43,15.66,20.58,14.89,5.69,17.64,2.21,4.52,0.47,4.05,2.34,4.03,0.72,3.32,1
144,1986,10,Morang,no,0.0,0.0,26.5,87.3,68.78,94.25,11.87,70.36,21.13,15.17,25.84,17.38,8.46,20.17,1.71,2.97,0.52,2.45,2.21,3.33,0.74,2.59,0
145,2011,7,Kaski,medium,2.0,0.0,28.2638,83.9725,345.46,77.86,15.08,92.23,17.7,15.88,20.71,15.13,5.57,18.33,2.3,4.57,0.54,4.04,2.28,3.9,0.75,3.15,1
146,1981,2,Humla,no,0.0,0.0,30.0,81.8,6.35,57.59,1.72,75.29,-14.02,-17.12,-6.22,-21.47,15.25,-18.38,2.87,5.88,0.79,5.09,3.41,6.36,1.15,5.21,0
147,1987,12,Banke,no,0.0,0.0,28.1,81.7,12.93,93.42,3.47,30.35,15.22,-2.73,22.74,10.7,12.04,11.86,1.86,3.54,0.59,2.95,2.27,3.6,0.74,2.86,0
148,2019,5,Lalitpur,no,0.0,0.0,27.63,85.33,2.54,83.76,8.49,42.87,22.1,8.13,28.52,16.03,12.49,22.74,2.54,5.05,0.54,4.52,2.75,4.72,0.68,4.05,0
149,2013,9,Baglung,medium,0.0,0.0,28.3962,83.2549,178.64,79.24,13.81,89.76,17.02,14.72,20.5,14.06,6.44,17.2,1.91,3.87,0.38,3.49,1.96,3.3,0.52,2.78,1
150,2016,9,Rasuwa,medium,0.0,0.0,28.2183,85.3573,197.46,68.8,11.08,92.31,11.02,8.96,14.79,7.95,6.84,11.74,2.12,4.68,0.3,4.38,1.95,3.86,0.36,3.51,1
151,2014,7,Baglung,small,0.0,0.0,28.3048,83.6011,463.02,78.94,15.44,89.09,18.86,16.56,21.87,16.23,5.64,19.23,2.09,4.35,0.37,3.98,2.1,3.82,0.52,3.3,1
152,1986,4,Sarlahi,no,0.0,0.0,27.0,85.45,19.68,94.62,5.36,21.74,27.88,3.26,35.76,20.28,15.49,28.74,2.91,5.04,1.01,4.04,3.96,6.24,1.33,4.9,0
153,2016,9,Taplejung,large,4.0,10.0,27.513640999999996,87.640957,297.64,79.96,14.56,93.56,17.33,15.69,20.12,15.03,5.09,17.42,1.98,3.89,0.55,3.35,2.2,3.67,0.77,2.91,1
154,2008,2,Taplejung,no,0.0,0.0,27.4,87.7,0.76,80.02,3.71,50.17,6.17,-4.35,13.4,1.12,12.28,4.75,1.99,4.92,0.26,4.66,2.03,4.33,0.4,3.93,0
155,2010,8,Nawalparasi,medium,0.0,0.0,27.58124358,83.85213651000002,382.13,92.13,19.02,86.36,25.3,22.7,28.4,22.64,5.76,25.49,2.16,3.7,0.83,2.88,2.95,4.29,1.48,2.8,1
156,2000,10,Rasuwa,no,0.0,0.0,28.1,85.3,0.89,68.87,6.54,67.83,7.68,0.82,13.82,3.37,10.45,7.69,2.04,4.91,0.22,4.69,1.83,3.87,0.26,3.61,0
157,1989,4,Ilam,no,0.0,0.0,26.9,88.0,9.88,92.48,3.7,16.46,25.73,-2.24,34.39,17.83,16.56,25.56,3.14,5.73,1.03,4.7,4.12,6.7,1.25,5.45,0
158,2013,6,Kathmandu,medium,0.0,0.0,27.8196,85.2114,301.02,83.46,14.77,76.89,21.45,16.74,25.83,17.72,8.11,22.5,2.08,4.28,0.37,3.91,2.1,3.74,0.53,3.2,1
159,1989,8,Syangja,no,0.0,0.0,28.0,83.85,166.46,85.64,16.35,85.5,21.66,18.8,25.12,18.73,6.39,22.14,2.14,3.91,0.7,3.22,2.61,3.85,1.19,2.66,0
160,1998,10,Banke,no,0.0,0.0,28.1,81.7,55.34,92.79,12.09,59.81,23.82,15.15,29.73,19.58,10.15,23.56,1.98,3.57,0.69,2.88,2.54,3.8,0.94,2.86,0
161,2008,8,Ilam,medium,0.0,0.0,26.9122,87.919,449.03,92.34,18.87,89.16,24.66,22.6,27.56,22.18,5.38,24.74,2.19,4.0,0.76,3.24,2.96,4.56,1.32,3.24,1
162,2014,7,Gorkha,small,0.0,0.0,27.9995,84.6333,324.4,73.58,13.96,91.04,15.81,13.64,19.05,12.96,6.1,16.54,2.35,4.74,0.38,4.36,2.1,3.83,0.43,3.4,1
163,2016,9,Kaski,large,4.0,2.0,28.145796,84.06901500000002,326.64,78.13,14.27,93.42,16.66,14.95,19.73,14.19,5.54,16.88,2.2,4.51,0.45,4.06,2.27,3.9,0.66,3.25,1
164,2011,7,Palpa,medium,0.0,0.0,27.7,83.45,427.82,92.04,19.39,87.69,25.34,23.02,28.17,22.82,5.35,25.51,2.37,4.02,1.0,3.02,3.25,4.66,1.8,2.87,1
165,2016,6,Darchula,medium,1.0,0.0,29.6394,80.7179,71.34,73.76,11.92,72.01,17.04,11.48,21.95,12.94,9.02,18.93,2.81,5.56,0.71,4.85,2.7,4.8,0.95,3.85,1
166,2018,4,Saptari,no,0.0,0.0,26.6,86.8,2.75,94.97,10.16,45.92,26.19,12.86,32.37,20.56,11.81,26.79,2.68,4.55,0.89,3.65,3.51,5.24,1.42,3.82,0
167,2010,7,Myagdi,medium,0.0,0.0,28.4763,83.5309,254.27,79.1,15.06,85.05,19.26,16.22,22.89,16.18,6.71,20.47,2.53,4.91,0.56,4.34,2.56,4.29,0.84,3.46,1
168,2002,2,Palpa,no,0.0,0.0,27.9,83.5,14.35,93.25,4.18,32.43,16.92,-0.32,25.04,11.25,13.8,15.67,2.46,4.63,0.99,3.65,3.17,5.17,1.11,4.06,0
169,1994,6,Dhading,no,0.0,0.0,27.7,85.2,94.21,83.31,12.39,56.29,24.04,13.34,29.49,19.16,10.33,25.98,2.62,5.19,0.48,4.71,2.63,4.56,0.69,3.88,0
170,2017,8,Kathmandu,unknown,0.0,0.0,27.67978184,85.7300858,344.93,83.59,17.02,91.86,20.84,19.04,23.6,18.63,4.98,21.07,2.12,4.22,0.45,3.77,2.35,4.16,0.69,3.47,1
171,2009,8,Ilam,medium,4.0,0.0,26.908,87.9258,414.33,92.42,19.15,89.38,24.87,22.86,27.7,22.46,5.24,24.93,2.34,4.06,0.96,3.1,3.18,4.67,1.72,2.96,1
172,2013,12,Udayapur,no,0.0,0.0,26.9,86.5,0.22,95.5,7.13,61.65,15.47,7.9,22.04,11.26,10.78,13.89,1.78,3.51,0.5,3.01,2.39,4.03,0.62,3.41,0
173,1991,10,Jumla,no,0.0,0.0,29.3,82.2,0.14,75.26,5.11,45.44,11.1,-0.98,18.81,5.5,13.3,10.26,2.24,4.84,0.35,4.5,2.24,4.26,0.42,3.84,0
174,1999,5,Okhaldhunga,no,0.0,0.0,27.3,86.5,56.36,82.48,10.02,53.92,20.88,9.77,26.59,15.48,11.12,22.49,2.59,5.3,0.51,4.78,2.56,4.6,0.73,3.87,0
175,2010,7,Baglung,medium,0.0,0.0,28.2649,83.7843,254.27,79.1,15.06,85.05,19.26,16.22,22.89,16.18,6.71,20.47,2.53,4.91,0.56,4.34,2.56,4.29,0.84,3.46,1
176,2009,7,Kaski,medium,3.0,0.0,28.2039,83.9806,247.15,77.79,15.01,85.08,18.92,15.82,22.75,15.61,7.13,20.14,2.57,4.89,0.52,4.37,2.49,4.09,0.74,3.36,1
177,2016,7,Taplejung,large,0.0,0.0,27.4159,87.6909,386.74,79.72,15.86,93.31,18.69,17.06,21.52,16.29,5.23,19.16,2.68,5.11,0.73,4.38,2.96,4.92,1.14,3.78,1
178,2010,12,Jumla,no,0.0,0.0,29.3,82.2,17.52,75.07,3.22,49.34,3.08,-6.96,9.84,-1.56,11.41,-0.11,1.92,3.47,0.46,3.01,2.03,3.28,0.52,2.74,0
179,1999,7,Makwanpur,no,0.0,0.0,27.4,85.0,120.43,93.19,17.93,70.72,27.92,22.01,32.46,24.17,8.29,29.04,2.69,4.56,0.93,3.63,3.55,5.2,1.67,3.52,0
180,2008,6,Mustang,medium,0.0,0.0,28.57,83.45,339.29,63.14,9.68,84.67,9.01,5.91,13.67,5.08,8.59,10.81,2.23,4.68,0.46,4.23,1.95,3.71,0.56,3.15,1
181,2016,9,Rasuwa,medium,0.0,0.0,28.18269,85.34304900000002,197.46,68.8,11.08,92.31,11.02,8.96,14.79,7.95,6.84,11.74,2.12,4.68,0.3,4.38,1.95,3.86,0.36,3.51,1
182,2011,7,Nuwakot,medium,3.0,0.0,27.8871,83.9704,287.52,83.47,16.6,90.18,20.72,18.66,23.8,18.15,5.66,21.29,2.15,4.18,0.54,3.64,2.37,3.94,0.83,3.11,1
183,2012,6,Palpa,medium,0.0,0.0,27.82800000000001,83.6349,83.62,91.69,11.87,38.7,31.43,14.6,37.65,25.45,12.2,32.37,2.72,4.76,0.87,3.89,3.47,5.31,1.22,4.1,1
184,1990,11,Syangja,no,0.0,0.0,28.0,83.85,0.02,86.4,5.92,47.3,15.05,3.29,21.48,10.7,10.78,12.69,1.89,3.32,0.66,2.66,2.21,3.39,0.77,2.62,0
185,2009,10,Rupandehi,no,0.0,0.0,27.57,83.47,87.08,93.02,11.67,66.64,21.45,14.59,26.53,17.61,8.92,20.17,1.93,2.93,0.86,2.07,2.68,3.79,1.12,2.67,0
186,2017,6,Banke,no,0.0,0.0,28.1,81.7,120.16,92.01,13.8,46.48,30.65,17.32,36.28,25.2,11.09,31.84,2.54,4.74,0.76,3.99,3.24,5.18,1.18,3.99,0
187,2010,8,Taplejung,medium,5.0,0.0,27.35,87.6667,323.86,79.93,15.42,91.99,18.53,16.64,21.78,15.9,5.88,19.14,2.24,4.49,0.42,4.07,2.32,4.04,0.57,3.47,1
188,2012,7,Parbat,medium,0.0,0.0,28.0458,83.6695,384.41,78.84,15.38,87.82,19.04,16.5,22.47,16.22,6.26,19.89,2.42,4.76,0.55,4.22,2.42,4.12,0.74,3.38,1
189,2016,6,Nuwakot,medium,2.0,1.0,28.0022,85.133,261.58,83.62,14.9,75.26,22.03,16.91,25.95,18.5,7.45,22.95,2.16,4.37,0.45,3.92,2.27,3.89,0.66,3.23,1
190,2006,3,Panchther,no,0.0,0.0,27.1,87.8,14.64,80.07,4.08,37.53,12.02,-2.98,19.38,6.35,13.03,11.62,2.44,5.45,0.42,5.04,2.5,4.89,0.54,4.35,0
191,1981,3,Ilam,no,0.0,0.0,26.9,88.0,27.04,93.02,6.28,38.58,20.6,5.42,27.86,14.76,13.1,20.31,2.63,4.9,0.77,4.14,3.44,5.4,1.08,4.32,0
192,2015,8,Nuwakot,medium,5.0,0.0,27.8426,85.3418,388.41,83.61,16.86,90.95,20.86,18.92,23.92,18.36,5.57,21.23,2.25,4.48,0.58,3.9,2.49,4.31,0.88,3.43,1
193,2010,8,Gulmi,medium,0.0,0.0,28.0276,83.3164,364.2,79.96,15.33,89.89,18.8,16.74,22.13,16.09,6.04,19.4,2.23,4.47,0.63,3.84,2.51,4.19,0.96,3.23,1
194,2006,12,Sindhuli,no,0.0,0.0,27.2,85.9,16.62,91.42,5.75,53.13,13.78,3.97,20.29,9.87,10.43,11.4,1.76,3.33,0.68,2.65,2.33,3.46,0.87,2.59,0
195,2013,11,Syangja,very_large,0.0,0.0,27.9449,83.5109,8.7,86.36,7.86,68.52,13.59,6.96,18.82,9.96,8.86,11.08,1.64,3.12,0.51,2.6,1.86,3.0,0.6,2.41,1
196,2008,7,Dhading,medium,8.0,0.0,28.9,80.87,314.76,83.42,16.55,89.67,20.75,18.58,23.78,18.03,5.75,21.32,2.05,4.02,0.49,3.53,2.21,3.64,0.78,2.87,1
197,2000,7,Nuwakot,no,0.0,0.0,27.85,85.25,139.31,83.4,16.03,82.7,21.56,18.09,25.35,18.56,6.79,22.52,2.26,4.58,0.46,4.13,2.39,4.23,0.73,3.5,0
198,2017,4,Surkhet,no,0.0,0.0,28.75,81.4,33.75,88.24,6.12,28.04,24.68,4.4,32.0,17.59,14.41,24.27,2.56,4.85,0.82,4.04,3.1,5.15,1.06,4.08,0
199,1984,3,Humla,no,0.0,0.0,30.0,81.8,8.77,57.82,2.06,52.5,-7.15,-14.61,0.98,-14.13,15.11,-8.43,3.22,6.85,0.65,6.2,3.65,7.06,0.9,6.16,0
200,2015,8,Palpa,medium,3.0,0.0,27.7185,83.47,511.49,92.19,19.37,86.35,25.61,23.01,28.69,22.94,5.75,25.61,2.06,3.73,0.63,3.1,2.82,4.4,1.07,3.33,1
201,2016,7,Palpa,medium,1.0,0.0,27.7625,83.5165,626.2,92.06,19.74,88.07,25.57,23.31,28.26,23.21,5.05,25.59,2.27,3.91,0.86,3.04,3.18,4.77,1.53,3.23,1
202,1990,7,Sankhuwasabha,no,0.0,0.0,27.3,87.3,200.45,81.49,15.15,82.62,20.3,16.76,24.4,17.12,7.28,21.69,2.56,5.11,0.65,4.46,2.6,4.54,1.03,3.51,0
203,1983,8,Kanchanpur,no,0.0,0.0,29.0,80.2,184.68,88.39,17.56,79.35,24.72,20.76,28.74,21.57,7.17,25.26,2.04,3.76,0.55,3.2,2.62,4.04,0.95,3.1,0
204,2015,7,Kaski,medium,6.0,13.0,28.2656,83.8188,498.97,77.83,15.13,89.77,18.17,15.89,21.5,15.19,6.31,18.65,2.35,4.62,0.35,4.27,2.37,4.08,0.49,3.59,1
205,2008,9,Bardiya,medium,6.0,0.0,28.51,81.48,200.86,94.54,17.52,81.82,25.22,21.8,28.8,22.13,6.67,24.9,1.82,3.32,0.6,2.72,2.48,4.2,0.89,3.3,1
206,2010,7,Dhading,medium,0.0,0.0,27.81229512,84.67982275,218.94,83.63,16.11,82.79,21.7,18.24,25.44,18.52,6.92,22.83,2.47,4.94,0.63,4.31,2.67,4.64,0.97,3.67,1
207,2013,8,Parbat,medium,0.0,0.0,28.2826,83.7508,357.53,79.06,14.81,91.08,17.87,15.92,20.97,15.2,5.77,18.25,2.16,4.38,0.37,4.0,2.17,3.81,0.51,3.3,1
208,2008,7,Saptari,large,0.0,0.0,27.0,86.71,228.99,94.29,19.69,84.68,26.6,23.71,29.78,23.91,5.87,27.01,2.51,4.22,1.14,3.08,3.4,4.75,1.95,2.81,1
209,1993,8,Bara,no,0.0,0.0,27.15,84.95,108.47,94.58,18.0,70.5,28.3,22.32,32.75,24.54,8.2,29.14,2.17,3.72,0.84,2.88,2.98,4.3,1.44,2.86,0
210,2009,10,Dadeldhura,large,12.0,0.0,29.2833,80.675,123.05,85.77,9.1,62.74,16.94,9.06,22.53,12.5,10.02,15.11,1.81,2.87,0.48,2.39,2.23,3.07,0.62,2.45,1
211,2016,7,Solukhumbu,large,0.0,0.0,27.7009,86.726,189.07,56.35,8.36,79.8,6.12,2.73,11.43,1.92,9.51,8.22,2.55,4.86,0.69,4.18,2.63,4.69,0.84,3.85,1
212,2010,8,Bhaktapur,medium,1.0,0.0,27.6832,85.4434,320.46,77.91,14.76,91.07,17.59,15.56,20.93,14.87,6.06,18.41,2.24,4.65,0.4,4.25,2.22,4.07,0.51,3.57,1
213,2013,8,Baglung,medium,0.0,0.0,28.2741,83.7417,357.53,79.06,14.81,91.08,17.87,15.92,20.97,15.2,5.77,18.25,2.16,4.38,0.37,4.0,2.17,3.81,0.51,3.3,1
214,1996,4,Tanahun,no,0.0,0.0,28.0,84.1,29.32,77.61,4.09,30.21,14.35,-4.04,21.63,7.68,13.95,14.8,2.66,5.72,0.37,5.36,2.54,4.81,0.49,4.32,0
215,1984,4,Panchther,no,0.0,0.0,27.1,87.8,29.29,79.89,5.16,35.09,16.45,0.08,23.77,9.79,13.98,16.71,2.8,6.06,0.58,5.48,2.96,5.69,0.72,4.97,0
216,2000,9,Nawalparasi,no,0.0,0.0,27.6,84.0,144.04,92.21,16.64,82.28,23.85,20.42,27.38,21.06,6.32,23.66,1.76,3.12,0.57,2.55,2.38,3.78,0.9,2.88,0
217,2013,9,Baglung,medium,0.0,0.0,28.4493,82.9305,178.64,79.24,13.81,89.76,17.02,14.72,20.5,14.06,6.44,17.2,1.91,3.87,0.38,3.49,1.96,3.3,0.52,2.78,1
218,1997,12,Sarlahi,no,0.0,0.0,27.0,85.45,24.52,95.58,5.5,49.88,14.64,3.66,21.8,10.06,11.74,13.56,2.18,3.82,0.96,2.86,3.09,4.78,1.27,3.51,0
219,1993,7,Tanahun,no,0.0,0.0,28.0,84.1,147.94,77.26,13.88,78.36,18.91,14.47,23.38,15.19,8.19,20.6,2.84,5.48,0.45,5.04,2.67,4.54,0.63,3.91,0
220,2014,8,Parbat,medium,3.0,0.0,28.2322,83.7228,526.16,79.03,15.41,91.57,18.39,16.49,21.27,15.86,5.41,18.59,2.22,4.43,0.4,4.04,2.33,4.03,0.55,3.48,1
221,1986,12,Dhankuta,no,0.0,0.0,27.0,87.3,17.23,82.35,4.16,50.98,8.08,-2.4,14.76,3.87,10.9,5.75,1.83,4.1,0.43,3.66,1.86,3.54,0.48,3.06,0
222,1987,9,Darchula,no,0.0,0.0,29.9,80.6,19.06,73.9,9.36,64.11,14.91,7.3,21.35,9.91,11.44,15.71,2.4,5.35,0.31,5.04,2.23,4.45,0.38,4.07,0
223,1998,7,Kabhre,no,0.0,0.0,27.6,85.6,139.77,77.62,14.52,82.26,18.9,15.25,23.23,15.63,7.6,20.57,2.48,5.13,0.49,4.64,2.34,4.31,0.71,3.6,0
224,2011,7,Arghakhanchi,medium,2.0,0.0,27.7395,83.5753,443.7,92.52,19.53,87.24,25.63,23.24,28.56,23.03,5.53,25.79,2.54,4.21,1.16,3.05,3.54,5.02,2.08,2.94,1
225,2017,7,Rasuwa,medium,0.0,0.0,28.13673979,85.31637561,199.79,68.62,12.2,89.32,12.97,10.52,16.94,9.66,7.27,14.28,2.7,5.47,0.39,5.08,2.44,4.59,0.48,4.11,1
226,2016,9,Baglung,medium,4.0,0.0,28.282927,83.58315400000002,330.11,79.22,14.63,92.48,17.43,15.66,20.58,14.89,5.69,17.64,2.21,4.52,0.47,4.05,2.34,4.03,0.72,3.32,1
227,2009,9,Sankhuwasabha,no,0.0,0.0,27.3,87.3,54.65,81.94,14.21,85.59,18.77,15.69,22.74,15.74,7.0,19.27,2.06,4.41,0.4,4.01,2.14,3.9,0.59,3.3,0
228,2011,7,Udayapur,medium,0.0,0.0,26.8998,86.7014,282.19,94.36,19.84,86.6,26.35,23.86,29.34,23.84,5.5,26.7,2.68,4.53,1.22,3.31,3.64,5.21,2.1,3.1,1
229,2006,9,Udayapur,no,0.0,0.0,26.9,86.5,328.17,94.84,17.63,83.9,25.03,21.99,28.37,22.27,6.1,25.2,2.54,4.07,1.24,2.83,3.56,4.88,2.08,2.8,0
230,2000,10,Tanahun,no,0.0,0.0,28.0,84.1,0.38,77.76,8.17,64.63,13.58,5.97,19.13,9.54,9.59,12.75,1.93,4.31,0.25,4.06,1.77,3.29,0.27,3.02,0
231,2009,1,Sankhuwasabha,no,0.0,0.0,27.3,87.3,0.6,82.24,4.41,49.88,9.27,-1.55,16.29,4.88,11.4,7.14,1.79,4.59,0.3,4.29,1.75,3.95,0.34,3.6,0
232,1998,5,Dolkha,no,0.0,0.0,27.6,86.2,28.1,70.69,7.33,56.17,12.62,3.08,19.2,6.79,12.41,14.78,2.89,6.25,0.41,5.84,2.59,5.04,0.51,4.53,0
233,2015,1,Manang,no,0.0,0.0,28.6,84.2,32.96,61.32,1.97,73.72,-11.27,-15.67,-3.34,-17.85,14.51,-15.14,2.75,5.37,0.96,4.41,3.03,5.34,1.28,4.06,0
234,2008,7,Sankhuwasabha,medium,0.0,0.0,27.6,87.24,195.14,81.55,15.65,86.82,20.02,17.27,23.71,17.06,6.65,21.13,2.39,4.77,0.54,4.23,2.37,4.11,0.78,3.34,1
235,2015,8,Nuwakot,medium,5.0,6.0,27.8569,85.1287,388.41,83.61,16.86,90.95,20.86,18.92,23.92,18.36,5.57,21.23,2.25,4.48,0.58,3.9,2.49,4.31,0.88,3.43,1
236,1987,11,Lamjung,no,0.0,0.0,28.3,84.4,0.0,77.89,4.43,47.01,9.35,-2.74,15.83,4.87,10.96,5.72,1.77,3.66,0.35,3.31,1.64,2.93,0.39,2.55,0
237,1990,7,Syangja,no,0.0,0.0,28.0,83.85,511.68,85.38,16.9,85.46,22.19,19.3,25.46,19.53,5.92,22.81,2.33,4.36,0.64,3.72,2.74,4.34,1.1,3.25,0
238,2010,8,Udayapur,medium,0.0,0.0,27.2485,86.6444,284.61,94.64,19.78,86.29,26.43,23.86,29.56,23.85,5.71,26.81,2.38,3.93,1.22,2.71,3.28,4.45,2.09,2.36,1
239,2016,7,Mugu,medium,0.0,0.0,29.5687,82.2837,155.74,61.62,10.21,83.54,9.69,6.76,14.32,5.81,8.51,11.55,3.19,6.24,0.76,5.48,3.25,5.92,0.93,5.0,1
240,2013,10,Sunsari,no,0.0,0.0,26.75,87.3,185.59,94.16,14.52,81.45,22.16,18.68,26.02,19.2,6.81,21.68,1.96,3.26,0.84,2.42,2.73,3.89,1.34,2.55,0
241,2011,8,Mugu,medium,0.0,0.0,29.5023,82.2504,182.51,61.7,9.66,85.06,8.63,5.89,13.38,4.75,8.63,9.94,2.49,4.96,0.47,4.49,2.54,4.57,0.62,3.95,1
242,1996,10,Kailali,no,0.0,0.0,28.7,80.8,29.4,93.6,11.3,62.44,22.26,14.47,27.93,18.13,9.8,21.63,1.89,3.3,0.63,2.67,2.52,3.88,0.87,3.01,0
243,1996,12,Saptari,no,0.0,0.0,26.6,86.8,0.0,95.61,3.4,27.67,16.54,-2.22,24.84,11.64,13.2,14.25,2.0,3.81,0.7,3.11,2.61,4.18,0.85,3.33,0
244,1981,3,Jhapa,no,0.0,0.0,26.7,87.9,26.67,93.24,6.19,37.38,20.91,5.25,28.2,14.98,13.22,20.76,2.68,5.01,0.77,4.24,3.49,5.45,1.08,4.37,0
245,2018,12,Rasuwa,small,0.0,0.0,28.111965,85.31099807000002,0.04,68.72,2.68,52.29,-1.36,-10.83,5.29,-5.87,11.16,-3.03,1.96,4.98,0.25,4.72,1.97,4.41,0.36,4.05,1
246,2016,8,Dhading,large,0.0,0.0,28.069957,85.01,114.62,83.57,16.69,88.2,21.18,18.69,24.23,18.63,5.6,21.3,1.92,4.02,0.36,3.66,2.07,3.75,0.56,3.19,1
247,2013,6,Jumla,medium,0.0,0.0,29.0697,82.10600000000002,355.19,74.82,13.16,81.02,16.9,13.3,21.17,13.35,7.82,18.17,2.56,5.1,0.61,4.49,2.63,4.7,0.84,3.86,1
248,2010,3,Syangja,no,0.0,0.0,28.0,83.85,0.02,86.08,4.16,26.85,18.93,-1.22,26.94,12.46,14.48,18.35,2.84,5.73,0.72,5.01,3.32,5.82,0.81,5.02,0
249,2016,7,Okhaldhunga,unknown,0.0,0.0,27.3027,86.5079,314.58,82.46,16.51,91.86,20.14,18.18,22.91,17.82,5.08,20.67,2.51,4.95,0.82,4.13,2.81,4.74,1.26,3.48,1
250,2010,7,Doti,medium,0.0,0.0,29.2675,80.9499,437.92,83.2,16.11,79.88,22.22,18.28,26.32,18.79,7.52,23.11,2.14,4.14,0.46,3.67,2.41,4.06,0.72,3.33,1
251,1992,9,Gorkha,no,0.0,0.0,28.0,84.6,78.71,73.82,11.33,82.77,14.06,10.38,18.8,10.42,8.38,15.14,2.35,5.07,0.34,4.73,2.11,3.94,0.44,3.51,0
252,2007,8,Dhading,medium,6.0,0.0,27.863000000000003,84.914,239.39,83.55,16.32,89.03,20.66,18.38,23.92,17.93,5.99,21.12,1.92,4.0,0.36,3.64,2.02,3.58,0.54,3.03,1
253,2008,9,Doti,medium,5.0,0.0,29.11803174,80.67774011,167.9,83.41,13.51,81.2,19.06,15.36,23.25,15.59,7.66,18.7,1.8,3.5,0.5,3.0,2.08,3.62,0.68,2.94,1
254,1995,8,Nawalparasi,no,0.0,0.0,27.6,84.0,223.84,91.9,18.52,83.7,25.34,22.2,28.58,22.6,5.98,25.52,2.2,3.72,0.81,2.92,3.0,4.37,1.36,3.01,0
255,2014,8,Dang,large,9.0,0.0,27.9911,82.3018,381.6,86.1,17.27,86.82,22.47,19.94,25.66,19.76,5.9,22.51,2.42,4.56,0.82,3.74,3.01,4.82,1.28,3.54,1
256,1987,10,Dailekh,no,0.0,0.0,28.8,81.7,44.48,85.04,7.12,49.17,17.31,6.05,24.17,12.08,12.08,16.4,2.16,4.19,0.54,3.65,2.45,3.91,0.71,3.2,0
257,2013,7,Nawalparasi,medium,5.0,0.0,27.6746,83.7533,354.95,91.75,19.1,85.3,25.49,22.71,28.66,22.61,6.06,25.76,1.92,3.54,0.47,3.07,2.41,3.7,0.82,2.88,1
258,2016,5,Saptari,no,0.0,0.0,26.6,86.8,172.07,94.62,13.02,49.72,28.89,16.79,34.31,23.95,10.35,29.83,2.48,4.27,0.86,3.41,3.24,5.12,1.28,3.84,0
259,2010,7,Baglung,medium,0.0,0.0,28.3034,83.3773,254.27,79.1,15.06,85.05,19.26,16.22,22.89,16.18,6.71,20.47,2.53,4.91,0.56,4.34,2.56,4.29,0.84,3.46,1
260,2010,9,Arghakhanchi,medium,0.0,0.0,27.8808,83.3395,362.58,93.0,17.88,88.36,24.03,21.83,27.08,21.56,5.53,23.93,2.35,3.77,1.19,2.58,3.41,4.53,2.12,2.41,1
261,2017,6,Lamjung,medium,0.0,0.0,28.301686,84.386742,214.96,77.36,12.77,75.8,18.12,13.03,22.22,14.34,7.88,18.75,2.27,4.5,0.39,4.12,2.2,3.75,0.52,3.23,1
262,2009,5,Myagdi,no,0.0,0.0,28.4,83.6,135.71,79.15,9.09,57.1,17.68,7.98,23.54,12.43,11.1,18.9,2.42,5.11,0.38,4.73,2.33,4.29,0.46,3.83,0
263,1992,12,Sankhuwasabha,no,0.0,0.0,27.3,87.3,4.73,82.36,3.36,40.68,8.3,-4.99,15.17,4.02,11.15,5.82,1.8,4.38,0.32,4.06,1.78,3.66,0.4,3.27,0
264,1988,8,Kabhre,no,0.0,0.0,27.6,85.6,171.85,77.73,14.41,90.26,17.31,15.13,20.5,14.65,5.85,18.04,2.09,4.29,0.45,3.83,2.11,3.71,0.6,3.11,0
265,1999,6,Lalitpur,no,0.0,0.0,27.63,85.33,83.88,83.44,12.27,57.4,23.28,13.25,28.73,18.46,10.27,25.28,2.64,5.04,0.59,4.44,2.73,4.51,0.85,3.66,0
266,1996,1,Dhankuta,no,0.0,0.0,27.0,87.3,11.63,82.04,3.41,46.08,6.67,-4.85,14.08,1.91,12.17,4.63,1.98,4.97,0.41,4.57,2.03,4.43,0.5,3.93,0
267,2007,12,Dhankuta,no,0.0,0.0,27.0,87.3,0.01,82.16,4.55,53.84,8.46,-1.29,15.23,4.41,10.81,5.85,1.58,4.0,0.27,3.73,1.58,3.44,0.32,3.12,0
268,1997,4,Baitadi,no,0.0,0.0,29.5,80.5,45.04,73.91,4.82,49.94,9.16,-1.41,15.79,3.21,12.58,9.85,2.45,5.19,0.44,4.75,2.4,4.61,0.5,4.11,0
269,2016,6,Jumla,medium,0.0,0.0,29.4596,82.0446,95.69,75.0,12.26,71.36,17.89,12.24,23.0,13.72,9.28,19.74,2.58,5.28,0.6,4.69,2.56,4.68,0.84,3.84,1
270,2007,9,Sankhuwasabha,medium,2.0,0.0,27.3667,87.2167,169.43,81.82,14.18,87.74,18.27,15.64,21.71,15.68,6.04,18.57,2.01,4.03,0.58,3.45,2.2,3.58,0.88,2.7,1
271,2010,7,Syangja,medium,0.0,0.0,28.0306,83.8617,288.56,85.65,16.8,81.55,22.98,19.26,26.64,19.76,6.88,23.91,2.66,4.75,0.86,3.88,3.14,4.78,1.44,3.34,1
272,2015,7,Sindhuli,small,2.0,0.0,27.0483,86.3248,267.72,90.23,18.25,81.51,25.24,21.66,28.72,22.32,6.4,25.59,2.39,4.35,0.75,3.6,3.12,4.86,1.28,3.58,1
273,2009,7,Mugu,medium,3.0,0.0,29.7225,82.5068,119.35,61.58,9.33,74.83,9.91,5.27,15.88,4.73,11.15,12.44,3.19,6.41,0.55,5.86,3.19,5.95,0.67,5.28,1
274,2018,9,Lamjung,large,2.0,0.0,28.29658406,84.38187226,2.68,77.68,13.82,91.18,16.46,14.19,19.93,13.63,6.3,16.6,2.21,4.39,0.45,3.94,2.18,3.69,0.6,3.09,1
275,2013,7,Gulmi,no,0.0,0.0,28.1,83.2,456.51,79.64,15.74,90.9,18.98,17.1,22.23,16.19,6.04,19.58,2.36,4.68,0.47,4.21,2.49,4.3,0.67,3.63,0
276,1982,11,Terhathum,no,0.0,0.0,27.1,87.5,5.84,80.24,6.41,67.96,9.6,3.01,15.46,5.93,9.52,8.05,1.69,4.08,0.25,3.83,1.69,3.49,0.31,3.17,0
277,1985,11,Saptari,no,0.0,0.0,26.6,86.8,0.03,95.45,9.21,67.41,18.0,11.64,23.83,14.02,9.81,16.7,1.83,3.26,0.63,2.63,2.42,3.71,0.78,2.93,0
278,1986,7,Bhaktapur,no,0.0,0.0,27.7,85.5,213.56,77.67,14.06,87.49,17.41,14.73,21.07,14.39,6.67,18.45,2.12,4.6,0.33,4.26,2.03,3.85,0.5,3.35,0
279,2010,8,Dang,medium,0.0,0.0,27.9937,82.4827,321.6,86.26,17.17,87.16,22.34,19.9,25.6,19.66,5.94,22.67,2.16,4.15,0.66,3.49,2.7,4.3,1.12,3.2,1
280,2011,7,Nuwakot,medium,4.0,0.0,27.9358,85.1893,287.52,83.47,16.6,90.18,20.72,18.66,23.8,18.15,5.66,21.29,2.15,4.18,0.54,3.64,2.37,3.94,0.83,3.11,1
281,2015,8,Lamjung,medium,0.0,0.0,28.2872,84.2015,486.97,77.45,15.11,93.74,17.39,15.75,20.25,14.86,5.39,17.66,2.26,4.58,0.43,4.16,2.23,3.93,0.57,3.36,1
282,2010,10,Okhaldhunga,no,0.0,0.0,27.3,86.5,35.41,82.93,11.27,80.7,16.14,11.46,20.43,13.03,7.39,15.37,1.75,3.65,0.47,3.18,1.83,3.21,0.62,2.58,0
283,2009,7,Dailekh,medium,1.0,0.0,28.8378,81.708,252.43,84.19,16.27,73.58,23.94,18.67,28.49,20.14,8.35,25.26,2.36,4.62,0.48,4.15,2.6,4.52,0.76,3.75,1
284,2016,8,Ilam,medium,0.0,0.0,26.7903,88.11,162.86,92.3,19.64,88.12,25.52,23.26,28.17,23.22,4.95,25.33,2.19,4.11,0.68,3.43,3.0,4.73,1.17,3.56,1
285,2003,1,Bara,no,0.0,0.0,27.15,84.95,5.82,95.98,3.68,35.83,13.76,-1.64,22.06,8.41,13.64,11.94,2.1,3.64,0.85,2.8,2.87,4.5,1.14,3.36,0
286,1990,4,Makwanpur,no,0.0,0.0,27.4,85.0,4.93,93.71,4.22,18.05,27.09,0.12,35.15,19.61,15.54,27.62,3.12,5.35,1.21,4.14,4.15,6.07,1.66,4.41,0
287,2018,9,Sindhuli,no,0.0,0.0,27.2,85.9,2.71,90.72,17.17,83.52,23.9,20.71,27.8,20.88,6.92,24.01,2.2,4.16,0.74,3.41,2.96,4.53,1.37,3.16,0
288,1989,10,Taplejung,no,0.0,0.0,27.4,87.7,8.28,80.2,9.81,74.29,14.54,9.04,19.66,10.77,8.89,13.9,1.77,3.72,0.34,3.38,1.78,3.1,0.44,2.66,0
289,2000,5,Banke,no,0.0,0.0,28.1,81.7,85.98,92.16,9.85,33.51,30.63,11.52,36.98,24.36,12.63,31.99,2.62,4.82,0.76,4.06,3.3,5.36,1.03,4.33,0
290,1998,9,Dailekh,no,0.0,0.0,28.8,81.7,45.09,84.73,14.56,75.19,21.81,17.02,26.7,18.19,8.51,22.66,1.92,4.19,0.3,3.89,2.06,3.94,0.44,3.49,0
291,2011,6,Bardiya,no,0.0,0.0,28.45,81.3,401.17,93.94,14.45,50.32,30.64,18.12,36.08,25.23,10.86,31.8,2.41,4.05,0.86,3.19,3.21,5.0,1.25,3.74,0
292,1981,5,Gulmi,no,0.0,0.0,28.1,83.2,74.66,79.93,8.37,49.25,18.89,7.52,25.22,13.16,12.06,19.73,2.59,5.4,0.47,4.93,2.71,4.91,0.63,4.28,0
293,2013,7,Rukum,medium,0.0,0.0,28.6202,82.4393,465.35,74.43,14.39,90.52,16.52,14.68,19.94,13.5,6.44,17.26,2.38,4.85,0.45,4.39,2.42,4.42,0.6,3.82,1
294,1996,6,Jumla,no,0.0,0.0,29.3,82.2,47.22,74.9,10.64,61.3,17.93,9.67,23.8,12.96,10.85,20.13,2.75,5.83,0.49,5.34,2.67,5.2,0.66,4.54,0
295,1982,8,Lalitpur,no,0.0,0.0,27.63,85.33,180.53,83.46,16.19,85.87,21.11,18.23,24.62,18.24,6.38,21.59,2.01,4.21,0.4,3.81,2.17,3.87,0.65,3.22,0
296,2010,10,Taplejung,medium,1.0,0.0,27.6291,87.9436,37.11,80.12,10.97,83.93,14.59,10.89,19.0,11.41,7.59,14.16,1.67,3.6,0.31,3.29,1.68,2.98,0.42,2.57,1
297,1986,11,Terhathum,no,0.0,0.0,27.1,87.5,6.55,80.29,6.1,64.2,9.85,2.33,15.99,6.09,9.89,7.77,1.72,4.0,0.29,3.71,1.71,3.34,0.35,2.98,0
298,2011,7,Kathmandu,medium,1.0,0.0,27.70300000000001,85.3183,287.52,83.47,16.6,90.18,20.72,18.66,23.8,18.15,5.66,21.29,2.15,4.18,0.54,3.64,2.37,3.94,0.83,3.11,1
299,2012,12,Salyan,no,0.0,0.0,28.4,82.1,1.24,89.39,5.04,50.84,12.1,1.88,18.9,8.08,10.81,9.12,2.31,4.1,1.23,2.88,2.97,4.5,1.69,2.81,0
300,2010,8,Kaski,medium,4.0,0.0,28.2598,84.0999,333.15,78.1,14.83,91.16,17.68,15.66,20.89,15.05,5.84,18.3,2.24,4.49,0.47,4.02,2.25,3.81,0.68,3.13,1
301,2010,8,Myagdi,medium,0.0,0.0,28.3401,83.5983,355.62,79.19,15.12,90.55,18.31,16.29,21.52,15.75,5.77,18.89,2.17,4.4,0.49,3.91,2.26,3.87,0.74,3.13,1
302,2002,2,Lamjung,no,0.0,0.0,28.3,84.4,10.84,77.9,2.84,35.46,7.01,-7.77,14.29,1.98,12.3,5.58,2.23,4.92,0.45,4.47,2.12,4.09,0.55,3.53,0
303,2010,7,Kaski,medium,0.0,0.0,28.299,84.0366,221.56,78.01,14.73,85.42,18.61,15.57,22.24,15.52,6.72,19.86,2.63,5.05,0.53,4.51,2.55,4.26,0.77,3.49,1
304,2014,8,Sankhuwasabha,medium,6.0,0.0,27.4083,87.2739,230.63,81.67,16.11,89.71,19.97,17.73,23.36,17.31,6.06,20.74,2.51,4.96,0.66,4.3,2.68,4.55,0.92,3.63,1
305,1981,12,Dadeldhura,no,0.0,0.0,29.3,80.6,5.91,86.1,3.23,37.64,9.47,-4.73,17.2,4.56,12.64,6.02,1.86,3.37,0.48,2.89,2.15,3.45,0.59,2.87,0
306,1998,5,Rukum,no,0.0,0.0,28.65,82.35,11.14,74.82,5.96,37.68,16.92,1.56,24.55,9.46,15.1,18.46,2.93,6.12,0.56,5.56,2.88,5.32,0.68,4.65,0
307,2012,8,Okhaldhunga,medium,0.0,0.0,27.3172,86.5,196.53,82.51,15.66,86.43,20.29,17.37,23.85,17.36,6.49,21.0,1.98,4.05,0.44,3.61,1.99,3.42,0.62,2.8,1
308,2007,7,Baglung,medium,0.0,0.0,28.2168,83.6666,434.97,78.88,15.03,86.02,19.02,16.17,22.66,16.06,6.6,20.14,2.44,4.85,0.47,4.37,2.43,4.2,0.67,3.54,1
309,2010,8,Dang,medium,0.0,0.0,27.7592,82.6335,321.6,86.26,17.17,87.16,22.34,19.9,25.6,19.66,5.94,22.67,2.16,4.15,0.66,3.49,2.7,4.3,1.12,3.2,1
310,1987,7,Saptari,no,0.0,0.0,26.6,86.8,224.61,94.24,18.99,77.45,27.56,23.1,31.19,24.61,6.58,28.48,3.09,4.89,1.55,3.34,4.06,5.67,2.54,3.13,0
311,2013,8,Banke,no,0.0,0.0,28.1,81.7,320.2,92.18,19.15,87.58,25.17,22.86,28.21,22.62,5.59,25.19,2.18,4.0,0.82,3.18,2.99,4.62,1.45,3.16,0
312,1991,2,Jhapa,no,0.0,0.0,26.7,87.9,3.08,93.42,3.3,23.24,18.45,-3.25,26.71,12.0,14.72,17.17,2.52,4.72,0.78,3.94,3.24,5.27,0.94,4.34,0
313,2009,8,Dadeldhura,medium,1.0,0.0,29.3083,80.5792,298.93,85.23,16.72,82.41,22.65,19.29,26.55,19.46,7.1,23.01,1.77,3.5,0.35,3.14,2.12,3.59,0.56,3.02,1
314,2011,7,Arghakhanchi,medium,2.0,0.0,27.7394,83.5754,443.7,92.52,19.53,87.24,25.63,23.24,28.56,23.03,5.53,25.79,2.54,4.21,1.16,3.05,3.54,5.02,2.08,2.94,1
315,2007,9,Darchula,medium,0.0,0.0,29.8496,80.5544,104.78,73.77,11.32,83.85,13.85,10.48,18.2,10.17,8.02,14.06,2.02,4.23,0.42,3.81,1.99,3.56,0.53,3.03,1
316,2010,6,Sankhuwasabha,medium,0.0,0.0,27.6063,87.2196,130.18,81.66,13.66,73.36,20.62,14.89,25.43,16.55,8.88,22.28,2.62,5.27,0.58,4.69,2.58,4.54,0.9,3.64,1
317,2015,7,Myagdi,medium,1.0,0.0,28.5266,83.2765,510.56,78.92,15.46,88.95,18.89,16.57,22.27,15.91,6.36,19.39,2.39,4.65,0.43,4.23,2.5,4.23,0.65,3.59,1
318,2019,4,Dolpa,no,0.0,0.0,29.0,82.9,1.96,62.13,4.82,72.85,1.0,-3.73,7.24,-4.52,11.76,1.45,2.41,5.17,0.46,4.71,2.4,4.73,0.53,4.2,0
319,1991,9,Darchula,no,0.0,0.0,29.9,80.6,20.66,73.88,9.97,71.53,14.24,8.15,20.09,9.7,10.39,14.99,2.31,5.17,0.35,4.82,2.17,4.3,0.45,3.85,0
320,1985,6,Kabhre,no,0.0,0.0,27.6,85.6,41.47,77.48,10.46,56.43,19.67,9.93,25.43,14.46,10.97,22.04,2.82,5.91,0.44,5.48,2.63,5.02,0.52,4.5,0
321,2011,8,Kathmandu,medium,2.0,0.0,28.3594,82.1279,261.75,83.62,16.2,90.22,20.35,18.27,23.48,17.75,5.73,20.67,2.0,4.03,0.42,3.61,2.23,3.75,0.68,3.07,1
322,2017,9,Gulmi,medium,0.0,0.0,28.051790999999998,83.260372,254.71,80.06,15.03,91.13,18.29,16.33,21.64,15.55,6.09,18.34,2.17,4.29,0.53,3.77,2.47,4.05,0.79,3.26,1
323,2014,8,Nuwakot,medium,3.0,0.0,27.8315,85.1638,318.59,83.56,16.69,90.17,20.82,18.74,23.76,18.38,5.38,21.11,2.2,4.32,0.46,3.85,2.42,4.13,0.65,3.48,1
324,2016,9,Gorkha,medium,4.0,17.0,28.3131,84.9895,262.09,73.82,12.75,93.42,14.03,12.19,17.36,11.32,6.04,14.47,2.11,4.47,0.35,4.13,1.98,3.64,0.47,3.17,1
325,2004,2,Nawalparasi,no,0.0,0.0,27.6,84.0,0.04,92.85,4.2,34.36,16.26,0.06,23.99,10.7,13.3,14.82,2.24,4.2,0.71,3.48,2.76,4.26,0.83,3.42,0
326,1997,3,Bardiya,no,0.0,0.0,28.45,81.3,1.62,95.02,3.84,20.94,22.76,-1.5,30.97,15.55,15.42,22.5,2.9,5.26,1.0,4.27,3.84,6.1,1.37,4.73,0
327,2016,6,Rasuwa,small,0.0,0.0,28.0336,85.2178,228.61,68.71,11.2,84.56,12.48,9.17,16.77,8.79,7.98,14.21,2.65,5.34,0.44,4.89,2.35,4.26,0.53,3.73,1
328,2011,8,Solukhumbu,medium,5.0,0.0,27.6674,86.7174,135.69,56.41,7.85,79.51,5.29,1.86,10.39,1.01,9.38,6.95,2.12,3.9,0.59,3.31,2.27,3.85,0.74,3.11,1
329,2009,9,Kathmandu,large,14.0,0.0,27.4167,86.6667,54.1,83.84,14.95,86.72,19.74,16.92,23.44,16.86,6.58,19.92,1.73,3.73,0.38,3.35,1.83,3.28,0.58,2.7,1
330,1981,12,Bajang,no,0.0,0.0,29.6,81.2,7.64,67.98,1.77,40.92,-3.47,-14.3,4.36,-9.18,13.55,-6.18,2.23,4.54,0.52,4.02,2.23,4.09,0.6,3.5,0
331,1998,9,Morang,no,0.0,0.0,26.5,87.3,110.95,93.82,17.7,82.08,25.27,21.86,28.99,22.33,6.66,25.49,2.19,3.85,0.89,2.96,2.93,4.33,1.53,2.8,0
332,2013,9,Baglung,medium,0.0,0.0,28.3328,83.3742,178.64,79.24,13.81,89.76,17.02,14.72,20.5,14.06,6.44,17.2,1.91,3.87,0.38,3.49,1.96,3.3,0.52,2.78,1
333,1999,1,Kailali,no,0.0,0.0,28.7,80.8,17.71,93.93,3.96,38.85,13.57,-0.73,21.18,8.68,12.5,11.43,2.05,3.48,0.75,2.73,2.68,4.04,1.01,3.03,0
334,2011,4,Surkhet,no,0.0,0.0,28.75,81.4,16.39,88.44,6.56,35.53,21.71,5.22,29.06,14.52,14.54,21.96,2.58,4.44,0.76,3.69,3.18,4.9,0.94,3.96,0
335,2016,8,Ilam,medium,0.0,0.0,26.7973,88.1389,162.86,92.3,19.64,88.12,25.52,23.26,28.17,23.22,4.95,25.33,2.19,4.11,0.68,3.43,3.0,4.73,1.17,3.56,1
336,2017,11,Terhathum,no,0.0,0.0,27.1,87.5,1.37,80.29,7.87,75.2,11.19,5.89,16.54,7.66,8.87,9.8,1.62,3.74,0.28,3.46,1.64,3.22,0.34,2.88,0
337,2011,7,Palpa,medium,0.0,0.0,27.7172,83.4658,427.82,92.04,19.39,87.69,25.34,23.02,28.17,22.82,5.35,25.51,2.37,4.02,1.0,3.02,3.25,4.66,1.8,2.87,1
338,2004,12,Dolpa,no,0.0,0.0,29.0,82.9,0.58,62.01,2.02,43.41,-3.86,-14.15,2.94,-8.72,11.66,-6.61,2.05,4.82,0.49,4.32,2.25,4.8,0.58,4.22,0
339,2013,9,Baglung,medium,0.0,0.0,28.2399,83.2266,178.64,79.24,13.81,89.76,17.02,14.72,20.5,14.06,6.44,17.2,1.91,3.87,0.38,3.49,1.96,3.3,0.52,2.78,1
340,1995,1,Panchther,no,0.0,0.0,27.1,87.8,3.15,80.19,2.48,35.94,5.18,-8.91,12.49,0.5,12.0,3.15,1.9,4.71,0.26,4.45,1.9,4.13,0.34,3.79,0
341,1983,12,Bara,no,0.0,0.0,27.15,84.95,7.1,95.88,4.07,35.39,15.77,0.03,23.49,11.06,12.44,13.88,2.0,3.57,0.71,2.86,2.74,4.23,0.9,3.32,0
342,1982,9,Sarlahi,no,0.0,0.0,27.0,85.45,137.36,94.58,17.15,79.61,25.29,21.3,29.4,21.94,7.46,25.21,2.22,3.74,0.98,2.76,3.18,4.6,1.6,3.0,0
343,2003,5,Sindhuli,no,0.0,0.0,27.2,85.9,13.36,90.52,7.67,31.03,27.28,7.47,34.01,20.65,13.36,28.81,2.72,4.65,0.99,3.66,3.31,4.67,1.39,3.28,0
344,2009,9,Rasuwa,no,0.0,0.0,28.1,85.3,36.93,68.85,10.36,86.8,10.98,7.8,15.5,7.43,8.08,11.9,2.18,4.9,0.23,4.67,1.94,3.9,0.27,3.63,0
345,1991,10,Udayapur,no,0.0,0.0,26.9,86.5,1.15,95.14,12.08,63.81,23.18,15.6,28.7,18.93,9.77,22.65,1.58,2.81,0.42,2.39,2.03,3.3,0.58,2.72,0
346,1997,5,Mahottari,no,0.0,0.0,26.7,85.8,25.89,97.47,6.79,21.34,32.9,6.27,40.61,25.13,15.48,34.59,3.37,5.7,1.32,4.38,4.7,7.43,1.77,5.66,0
347,2008,8,Sankhuwasabha,medium,1.0,0.0,27.499000000000002,87.10600000000002,257.32,81.67,15.51,89.43,19.42,17.14,22.78,16.63,6.14,20.24,2.39,4.79,0.65,4.15,2.48,4.28,0.98,3.3,1
348,2011,7,Rukum,large,13.0,0.0,28.7434,82.4753,386.6,74.51,14.06,89.82,16.28,14.33,19.81,13.28,6.53,17.04,2.16,4.49,0.45,4.04,2.17,3.98,0.61,3.37,1
349,2015,6,Kathmandu,small,0.0,0.0,27.7786,85.3867,170.67,83.51,13.0,61.77,23.2,14.43,28.28,18.57,9.71,24.34,2.37,4.71,0.5,4.21,2.53,4.27,0.69,3.58,1
350,2007,3,Salyan,medium,0.0,0.0,28.3667,82.1667,80.41,89.25,6.6,49.13,16.86,5.52,23.91,11.09,12.82,15.94,2.85,4.66,1.4,3.26,3.66,5.17,1.88,3.29,1
351,1997,11,Panchther,no,0.0,0.0,27.1,87.8,0.99,80.36,5.99,60.81,10.36,2.22,16.61,6.34,10.27,9.17,1.75,4.33,0.28,4.05,1.78,3.81,0.35,3.47,0
352,2011,8,Jumla,medium,0.0,0.0,29.139,81.773,306.8,74.96,13.76,88.8,16.13,14.0,19.61,13.27,6.34,16.63,2.0,4.14,0.4,3.75,2.1,3.76,0.51,3.24,1
353,2009,8,Gulmi,medium,0.0,0.0,28.25,83.1792,359.83,79.87,15.3,89.73,18.76,16.65,22.03,15.99,6.04,19.23,2.13,4.15,0.58,3.57,2.41,3.9,0.91,2.99,1
354,2010,9,Kathmandu,medium,0.0,0.0,27.7745,85.2401,227.12,83.86,14.96,89.53,19.22,16.95,22.53,16.61,5.92,19.38,1.77,3.7,0.47,3.22,1.96,3.36,0.75,2.61,1
355,1992,4,Banke,no,0.0,0.0,28.1,81.7,0.37,92.6,3.92,16.16,27.11,-0.94,35.74,19.1,16.63,27.7,3.84,6.69,1.84,4.85,5.17,7.58,2.68,4.9,0
356,2010,9,Bara,medium,0.0,0.0,27.7513,85.8166,234.04,95.06,18.4,86.62,25.18,22.72,28.48,22.54,5.94,25.12,2.24,3.53,1.24,2.3,3.31,4.46,2.17,2.29,1
357,2014,8,Sarlahi,no,0.0,0.0,27.0,85.45,325.7,94.28,19.9,84.1,26.86,23.84,30.08,24.06,6.02,26.94,2.2,3.88,0.82,3.06,3.1,4.78,1.4,3.38,0
358,1991,12,Gorkha,no,0.0,0.0,28.0,84.6,21.91,73.95,2.53,41.71,2.84,-9.84,9.51,-1.53,11.04,0.38,1.77,4.25,0.28,3.97,1.63,3.35,0.34,3.01,0
359,2007,8,Gulmi,medium,2.0,0.0,28.0667,83.25,353.59,79.79,15.26,90.54,18.58,16.62,21.8,15.73,6.07,19.02,2.23,4.41,0.59,3.82,2.48,4.1,0.91,3.2,1
360,2014,10,Taplejung,no,0.0,0.0,27.4,87.7,8.0,80.34,10.7,82.96,14.43,10.6,18.92,11.24,7.68,14.03,1.67,3.73,0.26,3.47,1.67,3.14,0.35,2.79,0
361,2010,10,Kailali,medium,2.0,3.0,28.7038,80.9787,11.37,93.52,13.72,75.87,22.11,17.41,26.85,18.31,8.55,21.03,1.66,2.71,0.55,2.15,2.21,3.28,0.77,2.51,1
362,2016,7,Mugu,medium,0.0,0.0,29.5679,82.28299999999999,155.74,61.62,10.21,83.54,9.69,6.76,14.32,5.81,8.51,11.55,3.19,6.24,0.76,5.48,3.25,5.92,0.93,5.0,1
363,1986,6,Syangja,no,0.0,0.0,28.0,83.85,128.22,85.35,10.95,46.98,25.44,11.02,31.49,19.62,11.88,27.28,2.76,5.04,0.67,4.38,2.99,4.76,0.99,3.76,0
364,1982,7,Bardiya,no,0.0,0.0,28.45,81.3,228.41,93.9,15.96,54.7,31.04,19.92,36.22,26.35,9.88,31.97,2.68,4.79,0.93,3.86,3.62,5.68,1.5,4.19,0
365,2015,5,Kathmandu,small,0.0,0.0,27.8287,85.5763,68.05,83.78,8.79,44.14,22.18,8.76,28.11,16.28,11.83,22.59,2.45,5.01,0.42,4.59,2.59,4.58,0.53,4.06,1
366,2010,7,Dhading,medium,0.0,0.0,28.02,84.96,218.94,83.63,16.11,82.79,21.7,18.24,25.44,18.52,6.92,22.83,2.47,4.94,0.63,4.31,2.67,4.64,0.97,3.67,1
367,2019,3,Sankhuwasabha,no,0.0,0.0,27.3,87.3,0.64,82.04,4.89,43.41,12.78,0.01,19.79,7.33,12.46,12.27,2.6,5.94,0.52,5.42,2.72,5.58,0.7,4.88,0
368,2010,7,Dang,medium,0.0,0.0,28.2929,82.2617,389.34,86.15,16.62,77.4,23.87,19.38,27.93,20.48,7.44,24.88,2.72,4.89,0.96,3.94,3.36,5.11,1.61,3.5,1
369,2015,4,Taplejung,no,0.0,0.0,27.4,87.7,77.32,80.08,8.01,62.08,14.59,6.54,20.05,9.84,10.21,14.95,2.48,5.48,0.41,5.07,2.58,5.16,0.52,4.64,0
370,2015,2,Sankhuwasabha,no,0.0,0.0,27.3,87.3,4.09,82.19,4.68,47.47,10.67,-0.6,17.43,6.08,11.34,9.6,2.22,5.25,0.43,4.82,2.26,4.65,0.53,4.12,0
371,2014,7,Dhading,medium,0.0,2.0,27.9639,84.8981,308.64,83.44,17.04,88.16,21.5,19.05,24.52,18.89,5.63,21.93,1.98,3.99,0.39,3.59,2.11,3.65,0.61,3.04,1
372,2002,6,Chitawan,no,0.0,0.0,27.7,84.4,75.88,91.63,14.26,52.03,29.09,17.81,34.56,23.96,10.6,30.63,2.5,4.39,0.86,3.53,3.02,4.5,1.4,3.11,0
373,2007,6,Sankhuwasabha,no,0.0,0.0,27.3,87.3,132.91,81.63,14.01,75.41,20.55,15.35,25.24,16.66,8.58,22.23,2.78,5.31,0.64,4.67,2.74,4.58,0.95,3.63,0
374,2009,7,Kathmandu,large,13.0,0.0,28.0,85.71,219.03,83.39,16.22,79.78,22.37,18.31,26.57,18.83,7.74,23.66,2.37,4.78,0.48,4.29,2.5,4.35,0.78,3.56,1
375,2010,9,Udayapur,medium,0.0,0.0,26.9796,86.7001,194.53,94.83,18.32,87.48,24.92,22.6,28.07,22.36,5.71,25.03,2.36,3.83,1.22,2.61,3.32,4.44,2.16,2.28,1
376,2010,8,Taplejung,medium,0.0,0.0,27.2948,87.9377,323.86,79.93,15.42,91.99,18.53,16.64,21.78,15.9,5.88,19.14,2.24,4.49,0.42,4.07,2.32,4.04,0.57,3.47,1
377,1990,6,Sunsari,no,0.0,0.0,26.75,87.3,125.55,93.15,16.52,59.7,29.54,20.57,34.8,24.89,9.91,31.44,2.95,4.72,1.35,3.37,3.65,5.16,2.05,3.11,0
378,2009,2,Mahottari,no,0.0,0.0,26.7,85.8,0.42,98.27,5.16,35.59,19.75,3.76,28.62,13.36,15.27,19.09,2.89,4.83,1.31,3.52,4.35,6.5,1.77,4.74,0
379,2013,7,Solukhumbu,medium,0.0,0.0,27.62,86.84,119.03,56.27,8.32,75.37,6.87,2.68,12.59,2.06,10.53,9.49,2.64,4.86,0.64,4.21,2.66,4.59,0.81,3.78,1
380,2015,6,Baglung,medium,1.0,0.0,28.2974,83.8,323.88,79.01,11.95,66.9,19.5,12.23,24.21,14.82,9.39,19.95,2.23,4.33,0.45,3.88,2.26,3.83,0.58,3.25,1
381,2010,8,Myagdi,medium,0.0,1.0,28.54162809,83.64496308000003,355.62,79.19,15.12,90.55,18.31,16.29,21.52,15.75,5.77,18.89,2.17,4.4,0.49,3.91,2.26,3.87,0.74,3.13,1
382,1989,6,Bhaktapur,no,0.0,0.0,27.7,85.5,62.47,77.69,11.78,67.59,18.73,11.95,24.0,14.1,9.9,20.94,2.6,5.46,0.39,5.07,2.39,4.56,0.45,4.11,0
383,2017,5,Sarlahi,no,0.0,0.0,27.0,85.45,124.66,94.53,12.53,45.37,29.81,16.09,35.78,24.16,11.62,30.88,2.59,4.6,0.86,3.74,3.42,5.52,1.18,4.35,0
384,1997,3,Sindhuli,no,0.0,0.0,27.2,85.9,1.4,91.01,3.22,19.14,20.52,-4.28,28.55,14.14,14.41,20.06,2.97,5.55,1.05,4.5,3.73,5.85,1.36,4.48,0
385,2007,8,Rukum,medium,0.0,0.0,28.6167,82.6167,316.14,74.57,13.86,89.66,16.11,14.1,19.68,13.14,6.54,16.72,2.04,4.32,0.38,3.95,2.08,3.82,0.53,3.3,1
386,2003,4,Morang,no,0.0,0.0,26.5,87.3,12.45,93.88,7.12,29.03,27.43,6.68,34.66,20.64,14.03,28.27,2.77,4.6,1.11,3.48,3.45,5.03,1.53,3.5,0
387,2010,7,Dailekh,medium,0.0,0.0,29.0399,81.7191,460.75,84.42,16.41,79.4,22.88,18.9,26.82,19.67,7.14,23.79,2.17,4.34,0.46,3.88,2.49,4.36,0.8,3.56,1
388,1999,1,Panchther,no,0.0,0.0,27.1,87.8,0.43,80.09,2.97,39.23,6.64,-6.84,13.87,2.15,11.71,4.17,1.83,4.43,0.32,4.12,1.8,3.83,0.37,3.45,0
389,2011,7,Parbat,medium,0.0,0.0,28.178,83.6987,397.91,78.95,15.44,91.8,18.37,16.58,21.36,15.88,5.48,18.98,2.25,4.46,0.53,3.93,2.32,3.98,0.76,3.22,1
390,2015,11,Sankhuwasabha,no,0.0,0.0,27.3,87.3,3.23,82.34,7.9,69.7,12.92,6.7,18.01,9.46,8.55,11.32,1.63,3.88,0.24,3.64,1.65,3.31,0.31,3.01,0
391,2003,10,Kabhre,no,0.0,0.0,27.6,85.6,31.17,78.25,7.21,56.07,14.09,3.8,20.31,9.77,10.54,13.37,1.97,4.62,0.37,4.25,1.91,3.88,0.47,3.41,0
392,1988,9,Chitawan,no,0.0,0.0,27.7,84.4,68.5,92.03,17.72,84.57,24.44,21.45,27.98,21.53,6.45,24.46,2.01,3.45,0.78,2.68,2.7,3.85,1.34,2.52,0
393,2013,7,Palpa,medium,2.0,0.0,27.8852,83.6275,401.57,91.95,19.21,85.76,25.54,22.86,28.62,22.74,5.87,25.77,1.98,3.57,0.53,3.04,2.54,3.83,0.93,2.9,1
394,2011,10,Makwanpur,no,0.0,0.0,27.4,85.0,5.55,94.23,13.89,75.36,22.58,17.8,27.1,18.99,8.11,21.77,1.56,2.77,0.51,2.26,2.05,3.13,0.62,2.51,0
395,1981,7,Rasuwa,no,0.0,0.0,28.1,85.3,222.91,68.54,12.26,90.83,12.77,10.57,16.54,9.55,7.0,14.11,2.63,5.31,0.38,4.94,2.38,4.38,0.44,3.94,0
396,2011,8,Kathmandu,medium,5.0,0.0,28.799,82.4712,261.75,83.62,16.2,90.22,20.35,18.27,23.48,17.75,5.73,20.67,2.0,4.03,0.42,3.61,2.23,3.75,0.68,3.07,1
397,1997,4,Sarlahi,no,0.0,0.0,27.0,85.45,29.71,94.92,6.68,31.01,25.62,6.35,32.86,18.88,13.99,26.66,2.9,5.04,1.03,4.01,3.97,6.14,1.34,4.81,0
398,2009,4,Nuwakot,no,0.0,0.0,27.85,85.25,1.51,83.85,4.54,25.56,20.42,-0.95,27.74,13.89,13.85,20.73,2.66,5.41,0.62,4.79,2.76,4.78,0.76,4.02,0
399,1997,1,Kaski,no,0.0,0.0,28.2,83.9,4.14,78.25,2.12,33.04,4.26,-10.84,11.13,0.1,11.03,1.94,1.94,4.68,0.36,4.32,1.84,3.78,0.44,3.34,0
400,2013,6,Sindhuli,medium,1.0,0.0,28.2717,83.5906,254.32,90.25,16.04,69.06,25.93,19.52,30.6,21.97,8.64,27.06,2.07,3.94,0.54,3.4,2.46,3.98,0.83,3.15,1
401,2013,5,Kathmandu,medium,1.0,2.0,27.7366,85.3305,121.28,83.6,8.01,41.69,21.52,7.26,27.88,15.69,12.19,22.28,2.48,5.05,0.53,4.51,2.51,4.41,0.63,3.78,1
402,2013,7,Syangja,medium,1.0,0.0,27.9196,83.8799,413.84,85.41,17.31,88.3,22.02,19.7,25.15,19.24,5.9,22.44,2.11,4.06,0.46,3.61,2.36,3.84,0.74,3.1,1
403,2016,7,Taplejung,medium,0.0,0.0,27.5138,87.8086,386.74,79.72,15.86,93.31,18.69,17.06,21.52,16.29,5.23,19.16,2.68,5.11,0.73,4.38,2.96,4.92,1.14,3.78,1
404,2009,9,Doti,medium,3.0,0.0,29.3083,81.057,172.77,83.44,14.49,83.35,19.78,16.49,23.86,16.54,7.31,19.68,1.66,3.24,0.42,2.82,1.92,3.14,0.6,2.54,1
405,2016,7,Parbat,medium,1.0,8.0,28.1855,83.6527,619.3,78.97,15.72,93.24,18.4,16.84,21.04,16.16,4.88,18.7,2.27,4.38,0.55,3.83,2.41,4.11,0.83,3.28,1
406,2014,6,Gulmi,small,9.0,0.0,28.0872,83.2935,317.07,79.64,11.67,58.88,21.32,12.1,26.87,16.2,10.67,22.09,2.77,5.54,0.71,4.82,3.03,5.24,1.0,4.24,1
407,1997,9,Banke,no,0.0,0.0,28.1,81.7,60.87,92.53,14.08,60.59,26.31,17.74,31.84,21.84,10.0,27.18,2.24,4.31,0.66,3.65,2.83,4.54,1.02,3.53,0
408,2013,7,Salyan,medium,0.0,0.0,28.4311,82.1847,489.08,88.39,18.49,88.15,23.79,21.57,26.88,21.07,5.82,24.1,2.37,4.34,0.9,3.43,3.02,4.57,1.55,3.02,1
409,1995,3,Dang,no,0.0,0.0,28.05,82.4,3.74,86.69,3.78,27.04,16.82,-2.58,24.88,10.32,14.56,16.73,3.2,6.04,1.36,4.69,3.94,6.26,1.88,4.38,0
410,2007,9,Baitadi,medium,0.0,0.0,29.5333,80.4333,104.78,73.77,11.32,83.85,13.85,10.48,18.2,10.17,8.02,14.06,2.02,4.23,0.42,3.81,1.99,3.56,0.53,3.03,1
411,2003,10,Morang,no,0.0,0.0,26.5,87.3,110.89,94.2,12.89,69.19,22.92,16.57,28.17,19.04,9.12,22.41,1.99,3.72,0.75,2.98,2.61,4.15,1.13,3.02,0
412,2012,9,Syangja,medium,4.0,0.0,28.023000000000003,83.8049,501.9,85.89,15.6,88.18,20.42,18.0,23.78,17.74,6.03,20.41,1.84,3.64,0.42,3.21,2.13,3.54,0.65,2.9,1
413,2011,8,Parbat,medium,0.0,0.0,28.1901,83.6972,339.22,79.1,14.84,90.84,17.94,15.94,20.98,15.37,5.62,18.32,2.07,4.2,0.49,3.71,2.17,3.65,0.66,2.99,1
414,2011,7,Okhaldhunga,medium,0.0,0.0,27.3167,86.5,269.58,82.43,16.14,90.78,19.96,17.83,23.07,17.43,5.64,20.71,2.42,4.73,0.69,4.04,2.65,4.43,1.05,3.38,1
415,2012,3,Dhading,medium,1.0,0.0,28.1038,85.0548,10.19,83.95,3.85,31.37,14.62,-2.92,21.97,8.76,13.21,13.73,2.5,5.29,0.57,4.72,2.67,4.81,0.73,4.09,1
416,2013,9,Baglung,medium,0.0,0.0,28.2632,83.3482,178.64,79.24,13.81,89.76,17.02,14.72,20.5,14.06,6.44,17.2,1.91,3.87,0.38,3.49,1.96,3.3,0.52,2.78,1
417,2010,3,Lalitpur,no,0.0,0.0,27.63,85.33,0.22,84.03,4.02,27.36,17.41,-2.07,24.95,11.46,13.48,16.79,2.64,5.4,0.61,4.8,2.83,4.93,0.81,4.12,0
418,2011,9,Gorkha,medium,0.0,0.0,28.4115,84.7943,124.84,73.75,12.24,90.62,13.87,11.54,17.48,11.01,6.48,14.39,1.98,4.26,0.23,4.03,1.8,3.26,0.31,2.96,1
419,2000,10,Baitadi,no,0.0,0.0,29.5,80.5,0.02,74.01,5.29,48.03,10.68,-0.91,17.94,5.41,12.53,9.29,2.17,4.69,0.32,4.37,2.07,3.9,0.37,3.53,0
420,1992,3,Myagdi,no,0.0,0.0,28.4,83.6,1.17,79.25,2.96,24.1,13.43,-6.86,21.83,7.19,14.63,12.84,3.01,7.1,0.5,6.6,3.29,7.0,0.71,6.3,0
421,2008,9,Sunsari,no,0.0,0.0,26.75,87.3,105.04,93.75,17.67,85.04,24.62,21.82,28.01,21.84,6.17,24.62,1.95,3.39,0.83,2.56,2.62,3.84,1.32,2.52,0
422,2015,3,Humla,medium,0.0,0.0,30.1818,81.4392,117.22,57.84,2.62,83.49,-10.02,-12.29,-4.04,-16.34,12.31,-12.28,2.98,5.73,0.98,4.75,3.5,6.05,1.27,4.78,1
423,1993,7,Lalitpur,no,0.0,0.0,27.63,85.33,162.01,83.4,15.4,75.05,22.53,17.5,27.08,18.76,8.31,24.06,2.62,5.11,0.65,4.46,2.78,4.7,1.03,3.67,0
424,1997,10,Ilam,no,0.0,0.0,26.9,88.0,6.06,93.3,11.73,70.46,20.88,15.02,25.69,17.24,8.44,20.04,1.65,2.78,0.54,2.23,2.15,3.16,0.75,2.41,0
425,1986,10,Sankhuwasabha,no,0.0,0.0,27.3,87.3,52.13,82.2,9.23,74.28,14.06,8.56,19.01,10.6,8.41,13.36,1.85,4.13,0.29,3.84,1.84,3.46,0.37,3.09,0
426,2018,9,Nuwakot,unknown,0.0,0.0,27.96216117,83.05240785000002,2.16,83.88,15.37,88.26,19.89,17.32,23.55,17.1,6.45,20.04,2.04,4.14,0.49,3.65,2.26,3.83,0.73,3.1,1
427,2005,7,Dhanusa,no,0.0,0.0,26.7,85.9,355.88,97.24,20.18,79.37,28.68,24.68,32.2,25.53,6.68,29.02,3.58,5.8,1.72,4.09,5.07,7.15,3.06,4.09,0
428,2007,9,Baglung,medium,0.0,0.0,28.4167,83.6667,239.63,79.16,13.77,89.74,16.92,14.7,20.16,14.22,5.94,17.09,1.87,3.82,0.38,3.43,1.97,3.31,0.55,2.77,1
429,2003,12,Mustang,no,0.0,0.0,28.7,83.67,4.89,63.13,1.63,39.56,-5.09,-16.32,2.35,-9.85,12.2,-7.53,2.22,5.27,0.65,4.62,2.32,4.89,0.8,4.1,0
430,2012,8,Bara,no,0.0,0.0,27.15,84.95,237.52,94.68,19.18,83.05,26.56,23.38,30.05,23.46,6.58,26.77,1.86,3.25,0.68,2.56,2.56,3.78,1.2,2.58,0
431,2001,11,Kaski,no,0.0,0.0,28.2,83.9,0.4,78.53,4.63,46.26,10.21,-1.91,16.77,5.94,10.82,7.76,1.89,4.39,0.35,4.03,1.77,3.45,0.41,3.04,0
432,1990,12,Dhading,no,0.0,0.0,27.7,85.2,0.2,84.39,3.65,38.3,10.72,-3.43,17.3,6.84,10.45,7.93,1.65,3.73,0.45,3.28,1.76,3.31,0.59,2.72,0
433,1988,11,Rasuwa,no,0.0,0.0,28.1,85.3,0.0,68.96,3.17,47.37,2.43,-8.58,9.2,-2.16,11.36,1.17,1.9,4.56,0.33,4.23,1.77,3.72,0.37,3.35,0
434,2001,7,Banke,no,0.0,0.0,28.1,81.7,216.37,91.95,18.1,71.73,27.72,21.93,31.73,24.12,7.6,28.51,2.25,3.86,0.85,3.01,2.95,4.29,1.43,2.86,0
435,2016,9,Dhading,small,1.0,0.0,27.769034,84.85463200000002,254.65,83.78,15.52,90.75,19.57,17.54,22.58,17.19,5.38,19.63,1.81,3.68,0.34,3.35,1.99,3.43,0.49,2.93,1
436,1993,11,Dolkha,no,0.0,0.0,27.6,86.2,3.38,70.83,3.73,47.92,5.09,-6.07,11.76,1.12,10.64,3.32,1.87,4.91,0.32,4.59,1.72,4.02,0.35,3.67,0
437,2016,8,Dhading,medium,0.0,0.0,27.8009,84.8423,114.62,83.57,16.69,88.2,21.18,18.69,24.23,18.63,5.6,21.3,1.92,4.02,0.36,3.66,2.07,3.75,0.56,3.19,1
438,2011,9,Nuwakot,medium,1.0,0.0,27.891,85.149,162.53,83.7,15.14,89.15,19.45,17.13,22.73,16.85,5.88,19.57,1.67,3.56,0.31,3.25,1.8,3.22,0.43,2.78,1
439,2013,1,Sarlahi,no,0.0,0.0,27.0,85.45,7.76,95.48,4.19,45.94,11.64,0.04,19.92,6.26,13.66,10.46,2.92,4.61,1.86,2.75,4.4,5.72,2.76,2.96,0
440,2008,7,Nuwakot,medium,2.0,0.0,27.92,85.19,314.76,83.42,16.55,89.67,20.75,18.58,23.78,18.03,5.75,21.32,2.05,4.02,0.49,3.53,2.21,3.64,0.78,2.87,1
441,2010,6,Udayapur,medium,0.0,0.0,26.97,86.74,126.85,94.39,16.41,61.5,29.25,20.48,34.49,24.69,9.8,30.72,3.06,4.65,1.66,2.99,3.93,5.41,2.3,3.11,1
442,2015,1,Doti,no,0.0,0.0,29.3,80.95,67.49,83.86,4.32,55.51,7.65,-1.4,14.58,2.71,11.88,5.26,1.98,3.8,0.44,3.36,2.32,4.04,0.55,3.48,0
443,1988,9,Nuwakot,no,0.0,0.0,27.85,85.25,56.31,83.8,15.05,86.3,19.9,17.0,23.6,16.97,6.63,20.21,1.86,3.67,0.49,3.19,2.07,3.3,0.77,2.53,0
444,2016,10,Gulmi,medium,0.0,0.0,28.0461,83.2627,117.93,80.19,10.14,75.08,14.84,9.68,19.33,11.68,7.65,13.47,1.9,3.92,0.55,3.37,2.07,3.62,0.66,2.95,1
445,2009,10,Parbat,medium,4.0,0.0,28.1778,83.7,76.98,79.49,8.84,71.78,13.38,7.26,18.06,9.87,8.19,11.9,1.76,3.51,0.41,3.1,1.79,2.99,0.55,2.44,1
446,2012,8,Dhading,medium,0.0,0.0,27.9783,84.8982,227.13,83.57,16.07,87.36,20.73,18.15,24.26,17.82,6.44,21.27,1.95,4.04,0.4,3.64,1.99,3.49,0.56,2.93,1
447,2008,1,Dang,no,0.0,0.0,28.05,82.4,1.09,86.77,4.02,45.34,9.87,-1.86,16.43,5.72,10.71,7.72,2.18,4.0,1.0,2.99,2.74,4.28,1.31,2.98,0
448,2013,6,Dailekh,medium,0.0,0.0,29.1145,81.6865,477.81,84.26,15.46,76.39,22.49,17.89,26.4,19.16,7.24,23.4,2.25,4.48,0.49,3.99,2.6,4.46,0.79,3.67,1
449,1986,12,Darchula,no,0.0,0.0,29.9,80.6,26.64,74.02,2.45,44.85,1.04,-10.14,8.2,-4.43,12.63,-1.58,2.03,4.16,0.42,3.74,2.06,3.81,0.5,3.31,0
450,2016,9,Bara,medium,4.0,0.0,27.943851000000002,83.805661,285.68,94.94,18.98,86.48,25.73,23.22,28.62,23.32,5.28,25.58,1.78,3.12,0.6,2.52,2.56,3.88,1.0,2.86,1
451,2013,6,Dailekh,medium,7.0,0.0,28.8519,81.7086,477.81,84.26,15.46,76.39,22.49,17.89,26.4,19.16,7.24,23.4,2.25,4.48,0.49,3.99,2.6,4.46,0.79,3.67,1
452,2015,11,Gulmi,medium,3.0,0.0,28.1281,83.3841,0.94,80.47,6.1,57.25,11.67,2.73,17.25,7.81,9.44,9.0,1.84,3.83,0.64,3.19,2.01,3.52,0.79,2.73,1
453,2016,9,Gorkha,medium,0.0,0.0,28.471897,84.811891,262.09,73.82,12.75,93.42,14.03,12.19,17.36,11.32,6.04,14.47,2.11,4.47,0.35,4.13,1.98,3.64,0.47,3.17,1
454,1984,3,Jhapa,no,0.0,0.0,26.7,87.9,6.28,93.04,3.65,19.75,22.47,-1.89,30.91,15.41,15.5,21.7,2.6,4.71,0.81,3.9,3.21,5.03,1.03,4.0,0
455,2011,7,Gulmi,medium,0.0,0.0,28.0889,83.2934,439.7,79.72,15.61,91.11,18.82,16.99,21.99,16.14,5.85,19.44,2.32,4.49,0.67,3.82,2.6,4.26,1.02,3.24,1
456,1994,8,Solukhumbu,no,0.0,0.0,28.0,86.8,80.67,56.4,7.71,75.58,5.77,1.65,11.54,1.31,10.22,8.14,2.47,4.64,0.6,4.05,2.5,4.24,0.76,3.48,0
457,1998,11,Darchula,no,0.0,0.0,29.9,80.6,3.03,74.1,3.72,43.45,7.31,-5.59,14.58,2.46,12.12,5.35,2.07,4.29,0.39,3.9,2.04,3.61,0.5,3.12,0
458,1983,11,Manang,no,0.0,0.0,28.6,84.2,0.0,61.61,2.24,47.87,-3.83,-13.53,3.8,-9.72,13.52,-5.23,2.08,4.72,0.45,4.27,2.11,4.31,0.65,3.66,0
459,2002,2,Tanahun,no,0.0,0.0,28.0,84.1,10.84,77.9,2.84,35.46,7.01,-7.77,14.29,1.98,12.3,5.58,2.23,4.92,0.45,4.47,2.12,4.09,0.55,3.53,0
460,1998,7,Bajang,no,0.0,0.0,29.6,81.2,52.48,67.79,11.37,75.11,14.39,9.54,20.16,9.91,10.25,17.04,3.06,6.44,0.5,5.93,2.73,5.41,0.59,4.82,0
461,1989,2,Rupandehi,no,0.0,0.0,27.57,83.47,10.98,93.08,3.66,31.17,15.45,-1.85,23.98,9.44,14.54,14.21,3.02,6.01,1.07,4.93,4.11,6.96,1.38,5.58,0
462,1993,5,Dailekh,no,0.0,0.0,28.8,81.7,35.0,84.53,5.84,26.55,24.16,2.48,31.85,16.11,15.74,25.24,2.87,5.64,0.67,4.96,3.2,5.47,0.89,4.58,0
463,2002,12,Terhathum,no,0.0,0.0,27.1,87.5,2.82,80.23,3.96,49.31,7.69,-3.46,14.63,3.69,10.94,5.28,1.65,4.19,0.23,3.97,1.63,3.55,0.27,3.28,0
464,2008,8,Lamjung,medium,0.0,0.0,28.278000000000002,84.35,302.03,77.39,14.61,93.35,16.93,15.21,19.9,14.33,5.57,17.37,2.12,4.24,0.39,3.86,2.06,3.55,0.49,3.06,1
465,2013,6,Palpa,medium,0.0,0.0,27.8595,83.7711,552.67,92.03,16.96,72.44,26.44,20.77,30.49,22.76,7.73,27.12,2.14,3.69,0.66,3.03,2.78,4.24,1.09,3.15,1
466,2010,7,Parbat,no,0.0,0.0,28.2,83.7,254.27,79.1,15.06,85.05,19.26,16.22,22.89,16.18,6.71,20.47,2.53,4.91,0.56,4.34,2.56,4.29,0.84,3.46,0
467,2004,7,Morang,no,0.0,0.0,26.5,87.3,496.79,93.36,19.2,88.0,25.37,23.13,28.2,23.02,5.18,25.73,2.66,4.3,1.31,3.0,3.61,5.02,2.23,2.79,0
468,1993,5,Kaski,no,0.0,0.0,28.2,83.9,34.23,78.05,6.26,38.83,17.78,2.33,24.54,11.47,13.07,18.97,2.75,5.9,0.3,5.59,2.56,4.91,0.39,4.51,0
469,2000,6,Nuwakot,no,0.0,0.0,27.85,85.25,158.44,83.44,14.39,72.26,22.12,16.3,26.6,18.29,8.31,23.6,2.4,4.75,0.56,4.19,2.5,4.31,0.84,3.47,0
470,1985,2,Humla,no,0.0,0.0,30.0,81.8,0.28,57.26,1.13,54.7,-14.67,-21.2,-4.99,-22.76,17.76,-19.18,3.41,6.46,1.34,5.12,4.23,7.16,1.9,5.27,0
471,2019,12,Rupandehi,no,0.0,0.0,27.57,83.47,1.08,93.55,6.18,62.47,12.64,5.19,18.46,9.21,9.25,10.46,1.77,3.33,0.62,2.71,2.35,3.77,0.75,3.02,0
472,1987,4,Kaski,no,0.0,0.0,28.2,83.9,4.21,78.19,3.74,27.49,15.06,-4.45,22.47,8.42,14.06,15.9,2.82,5.95,0.38,5.58,2.73,5.12,0.47,4.65,0
473,2013,7,Dhankuta,medium,0.0,0.0,26.9734,87.3412,251.61,81.48,15.93,86.67,20.31,17.56,23.85,17.39,6.47,21.36,2.26,4.6,0.41,4.19,2.17,3.91,0.59,3.32,1
474,1992,10,Sunsari,no,0.0,0.0,26.75,87.3,17.11,94.11,11.37,57.13,23.84,14.5,29.65,19.26,10.39,23.83,1.82,3.0,0.58,2.41,2.36,3.51,0.87,2.65,0
475,2013,6,Terhathum,medium,0.0,0.0,27.1418,87.7788,228.11,79.66,14.21,81.53,19.1,15.26,23.27,15.61,7.66,20.02,2.13,4.44,0.32,4.13,2.08,3.87,0.47,3.4,1
476,1999,12,Sunsari,no,0.0,0.0,26.75,87.3,0.34,94.56,5.62,45.53,16.34,4.05,23.48,11.61,11.87,14.35,1.77,3.21,0.63,2.58,2.2,3.27,0.8,2.47,0
477,2003,9,Morang,no,0.0,0.0,26.5,87.3,99.36,93.72,17.73,81.48,25.4,21.89,29.07,22.63,6.44,25.83,2.51,4.25,1.14,3.11,3.39,4.8,1.99,2.81,0
478,2010,8,Ilam,medium,0.0,0.0,27.1303,87.8711,425.72,92.52,19.26,89.68,24.95,22.99,27.81,22.54,5.27,25.03,2.02,3.78,0.64,3.14,2.72,4.14,1.11,3.03,1
479,1993,5,Dolpa,no,0.0,0.0,29.0,82.9,18.93,62.08,4.2,47.43,4.96,-5.6,12.84,-1.73,14.57,7.27,3.11,6.99,0.62,6.37,3.02,6.31,0.73,5.58,0
480,1998,8,Palpa,no,0.0,0.0,27.9,83.5,302.49,92.22,19.23,87.13,25.34,22.92,28.54,22.77,5.77,25.66,2.39,3.95,0.91,3.04,3.26,4.69,1.64,3.04,0
481,2016,9,Baglung,medium,0.0,0.0,28.219177,83.686001,330.11,79.22,14.63,92.48,17.43,15.66,20.58,14.89,5.69,17.64,2.21,4.52,0.47,4.05,2.34,4.03,0.72,3.32,1
482,2009,8,Bara,no,0.0,0.0,27.15,84.95,357.64,94.75,19.9,84.95,26.8,23.98,30.08,23.98,6.1,26.93,2.08,3.46,0.9,2.57,2.99,4.36,1.6,2.76,0
483,2013,9,Dhankuta,medium,0.0,0.0,26.9318,87.3201,132.29,81.87,14.32,86.23,18.76,15.72,22.69,15.54,7.14,19.08,1.91,4.0,0.38,3.62,1.94,3.4,0.54,2.87,1
484,2013,7,Myagdi,medium,2.0,0.0,28.3341,83.4966,426.12,78.87,15.41,90.83,18.5,16.53,21.67,15.73,5.94,19.1,2.24,4.56,0.38,4.18,2.17,3.85,0.54,3.31,1
485,2015,7,Baglung,medium,0.0,0.0,28.2748,83.7432,510.56,78.92,15.46,88.95,18.89,16.57,22.27,15.91,6.36,19.39,2.39,4.65,0.43,4.23,2.5,4.23,0.65,3.59,1
486,2003,3,Routahat,no,0.0,0.0,26.8,85.3,1.83,99.13,5.86,29.78,24.44,5.32,32.51,16.97,15.54,24.69,2.74,4.63,1.06,3.57,3.98,6.34,1.51,4.83,0
487,2007,8,Kathmandu,medium,0.0,0.0,29.57990613,80.50476155,239.39,83.55,16.32,89.03,20.66,18.38,23.92,17.93,5.99,21.12,1.92,4.0,0.36,3.64,2.02,3.58,0.54,3.03,1
488,2019,1,Bardiya,no,0.0,0.0,28.45,81.3,1.18,95.55,5.34,51.42,13.93,3.79,20.84,9.31,11.53,12.27,2.05,3.46,0.77,2.69,2.82,4.4,1.06,3.34,0
489,2009,11,Lalitpur,medium,1.0,0.0,27.5,85.35,2.92,84.25,5.94,51.53,13.43,2.65,19.54,9.52,10.03,11.36,1.76,3.83,0.51,3.31,1.9,3.43,0.66,2.77,1
490,2015,8,Nuwakot,medium,5.0,0.0,27.8884,85.2118,388.41,83.61,16.86,90.95,20.86,18.92,23.92,18.36,5.57,21.23,2.25,4.48,0.58,3.9,2.49,4.31,0.88,3.43,1
491,2018,3,Mugu,no,0.0,0.0,29.5,82.1,0.83,61.54,2.78,56.59,-3.06,-10.42,3.81,-9.08,12.9,-2.39,3.13,7.12,0.51,6.62,3.35,7.04,0.64,6.4,0
492,2011,12,Parbat,no,0.0,0.0,28.2,83.7,0.99,79.48,3.94,49.07,7.1,-3.99,13.19,3.68,9.51,3.41,1.62,3.85,0.36,3.49,1.61,3.24,0.43,2.8,0
493,1988,2,Sunsari,no,0.0,0.0,26.75,87.3,12.32,94.27,4.29,31.2,18.08,0.42,25.83,12.5,13.34,16.67,2.32,4.32,0.9,3.42,2.96,4.67,1.09,3.57,0
494,2014,7,Surkhet,small,0.0,0.0,28.6881,81.6309,424.62,87.74,17.2,74.53,25.48,20.24,29.26,22.16,7.1,26.03,2.02,4.07,0.41,3.66,2.4,4.14,0.66,3.48,1
495,2017,7,Bara,small,0.0,0.0,29.34137027,81.30954554,291.65,94.56,19.85,81.88,27.36,23.92,30.82,24.54,6.28,27.55,3.09,5.14,1.4,3.74,4.4,6.32,2.48,3.85,1
496,2005,12,Dailekh,no,0.0,0.0,28.8,81.7,7.04,85.12,3.97,44.34,9.99,-2.08,16.76,5.73,11.03,6.34,1.84,3.01,0.6,2.41,2.11,2.94,0.72,2.22,0
497,1991,11,Jhapa,no,0.0,0.0,26.7,87.9,1.32,93.61,6.68,50.37,17.27,6.62,23.66,12.67,10.99,15.02,1.68,2.68,0.51,2.17,2.14,3.12,0.63,2.49,0
498,2008,9,Kathmandu,medium,1.0,0.0,27.776999999999997,85.3717,203.99,83.83,14.43,87.25,19.07,16.28,22.46,16.38,6.08,19.03,1.59,3.22,0.41,2.82,1.71,2.84,0.57,2.27,1
499,1981,2,Tanahun,no,0.0,0.0,28.0,84.1,1.45,77.68,3.57,46.74,6.38,-5.0,13.46,1.31,12.15,4.37,2.18,4.49,0.38,4.11,2.09,3.82,0.47,3.35,0
500,2011,7,Baglung,medium,0.0,0.0,28.3683,83.2934,397.91,78.95,15.44,91.8,18.37,16.58,21.36,15.88,5.48,18.98,2.25,4.46,0.53,3.93,2.32,3.98,0.76,3.22,1
501,2018,12,Rasuwa,small,0.0,0.0,28.111965,85.31099807000002,0.04,68.72,2.68,52.29,-1.36,-10.83,5.29,-5.87,11.16,-3.03,1.96,4.98,0.25,4.72,1.97,4.41,0.36,4.05,1
502,2008,9,Kanchanpur,no,0.0,0.0,29.0,80.2,243.2,88.67,15.3,81.3,22.06,18.47,25.97,18.78,7.18,21.68,1.79,3.24,0.65,2.59,2.31,3.72,0.93,2.78,0
503,1987,4,Salyan,no,0.0,0.0,28.4,82.1,2.96,89.0,4.28,20.63,23.84,-0.69,31.96,16.16,15.8,24.4,3.36,5.94,1.2,4.74,4.21,6.38,1.61,4.77,0
504,2008,9,Kailali,medium,26.0,0.0,28.833000000000002,80.9,217.6,93.21,16.94,81.1,24.6,21.0,28.44,21.4,7.04,24.18,1.7,3.16,0.55,2.61,2.33,3.95,0.79,3.15,1
505,2014,8,Bara,medium,5.0,2.0,27.8609,85.7763,343.81,94.66,20.04,84.24,27.05,24.08,30.1,24.32,5.78,26.98,2.04,3.66,0.67,3.0,2.87,4.58,1.1,3.48,1
506,2009,12,Palpa,medium,4.0,0.0,27.7211,83.4692,4.94,93.2,5.34,48.45,14.27,3.31,21.11,9.99,11.13,12.29,1.84,3.46,0.61,2.85,2.38,3.91,0.73,3.18,1
507,2010,10,Palpa,medium,0.0,0.0,27.88159864,83.77762394000001,39.54,92.76,14.09,79.43,21.71,17.71,25.87,18.46,7.42,20.9,1.68,2.88,0.57,2.31,2.18,3.32,0.8,2.52,1
508,2004,3,Chitawan,no,0.0,0.0,27.7,84.4,13.49,92.31,4.27,22.2,23.16,-0.32,31.52,16.11,15.41,22.42,2.65,5.07,0.84,4.22,3.31,5.28,1.11,4.17,0
509,1992,7,Bajang,no,0.0,0.0,29.6,81.2,69.62,67.82,9.94,72.57,12.81,7.39,18.72,8.04,10.68,15.23,2.88,6.16,0.52,5.63,2.62,5.19,0.62,4.57,0
510,2018,7,Bardiya,no,0.0,0.0,28.45,81.3,18.58,93.9,20.07,78.74,28.2,23.97,31.6,25.14,6.47,28.46,2.35,4.12,0.83,3.28,3.29,5.02,1.39,3.64,0
511,2013,7,Solukhumbu,medium,0.0,0.0,27.5001,86.8669,119.03,56.27,8.32,75.37,6.87,2.68,12.59,2.06,10.53,9.49,2.64,4.86,0.64,4.21,2.66,4.59,0.81,3.78,1
512,1990,4,Dhanusa,no,0.0,0.0,26.7,85.9,4.08,97.58,4.67,17.98,29.48,1.9,37.93,21.35,16.58,30.42,3.43,5.92,1.3,4.62,4.96,7.5,1.85,5.65,0
513,2007,8,Gulmi,medium,3.0,0.0,28.0877,83.0971,353.59,79.79,15.26,90.54,18.58,16.62,21.8,15.73,6.07,19.02,2.23,4.41,0.59,3.82,2.48,4.1,0.91,3.2,1
514,2009,8,Dadeldhura,medium,1.0,0.0,29.1917,80.8708,298.93,85.23,16.72,82.41,22.65,19.29,26.55,19.46,7.1,23.01,1.77,3.5,0.35,3.14,2.12,3.59,0.56,3.02,1
